ID,Acente Adı,Resmi Tam Ünvan (Long Name),Segment,Şehir,Açık Adres,PIB,MB,Kuruluş Tarihi,İşletme Ölçeği,Çalışan Sayısı (2023),Çalışan Sayısı (2024),Çalışan Sayısı (2025),Toplam Gelir (2023),Toplam Gelir (2024),Toplam Gelir (2025),Telefon Numaraları,Web / Profil Linkleri
220,3DH REAL ESTATE,,,Beograd,Ulica Ustanicka 176 11050 - Beograd,,,,,-,-,-,-,-,-,061 1501194,"https://www.indomio.rs/en/agent/3dh-real-estate/31028,https://www.nekretnine.rs/en/agencije-za-nekretnine/953/"
182,A CLUB REAL ESTATE,,,Beograd,Ulica Ljubinke Bobic 26 11077 - Beograd,,,,,-,-,-,-,-,-,"063 225033,063 7077320",https://www.nekretnine.rs/en/agencije-za-nekretnine/287/
312,ADRIATIC BANK,,,Beograd,Ulica Dalmatinska 22 11120 - Beograd,,,,,-,-,-,-,-,-,"066 8833168,066 8833402",https://www.nekretnine.rs/en/agencije-za-nekretnine/189/
183,ADV ROYAL-CONSULTING,,,Beograd,"Ulica Orfelinova, 57, Belgrade Serbia, 11030 79 11000 - Beograd",,,,,-,-,-,-,-,-,066 234363,https://www.nekretnine.rs/en/agencije-za-nekretnine/377/
282,AFI SKYLINE RESIDENCE,,,Beograd,Bulevar Vojvode Bojovica 28 11000 - Beograd,,,,,-,-,-,-,-,-,"011 225877,011225877,062 303006","https://www.indomio.rs/en/agent/afi-skyline-residence/30815,https://www.nekretnine.rs/en/agencije-za-nekretnine/3487/"
270,AGENCIJA BRANKOVIĆ,,,Beograd,- 11160 - Beograd,,,,,-,-,-,-,-,-,063 614801,https://www.nekretnine.rs/en/agencije-za-nekretnine/29/
438,AGENCIJA MEGA HOUSE PLUS VD,,,Vrnjačka Banja,"Ulica Krushevachka 1, Vrnjachka Banja 36210, 1,",,,,,-,-,-,-,-,-,0628966003,https://www.indomio.rs/en/agent/agencija-mega-house-plus-vd/30427
83,AGENCIJA NEKRETNINE OBRADOVIĆ,,,Beograd,"Terazije 27, Belgrade 27 11000 - Beograd",,,,,-,-,-,-,-,-,"011 4093903,063 8673560","https://www.indomio.rs/en/agent/agencija-nekretnine-obradovi%C4%87/30877,https://www.nekretnine.rs/en/agencije-za-nekretnine/539/"
437,AGENCIJA STOJANOVIĆ 016,,,Leskovac,"Moše Pijade 8/2, 8,",,,,,-,-,-,-,-,-,0641452189,https://www.indomio.rs/en/agent/agencija-stojanovi%C4%87-016/30800
435,AGENCIJA ZA NEKRETNINE NO1,,,Kikinda,"Svetosavska 38 d, 30,",,,,,-,-,-,-,-,-,"0621961144,063237935",https://www.indomio.rs/en/agent/agencija-za-nekretnine-no1/30826
179,AGORA NEKRETNINE,,,Beograd,Ulica Dragoslava Srejovica 2 11060 - Beograd,,,,,-,-,-,-,-,-,"060 5200160,060 5200161",https://www.nekretnine.rs/en/agencije-za-nekretnine/1203/
192,ALBATROS NEKRETNINE,,,Beograd,Ulica Ustanicka 128 11050 - Beograd,,,,,-,-,-,-,-,-,"011 3476640,065 3567078",https://www.nekretnine.rs/en/agencije-za-nekretnine/371/
200,ALEGRO LINE,,,Beograd,"Улица Јурија Гагарина, 14, Београд Србија, 11070 14 11070 - Beograd",,,,,-,-,-,-,-,-,"063 8889993,065 9958859",https://www.nekretnine.rs/en/agencije-za-nekretnine/289/
197,ALEKSANDAR NEKRETNINE 011,,,Beograd,Ulica Ljuba Vuckovica 13 11010 - Beograd,,,,,-,-,-,-,-,-,"063 259576,063259576","https://www.indomio.rs/en/agent/aleksandar-nekretnine-011/30846,https://www.nekretnine.rs/en/agencije-za-nekretnine/411/"
443,ALFA & OMEGA 034,,,Kragujevac,"Kralja Aleksandra I Karađorđevića102/12, 102,",,,,,-,-,-,-,-,-,,https://www.indomio.rs/en/agent/alfa---omega-034/30747
239,ALFA PLUS NEKRETNINE,,,Beograd,Ulica Podravska 4 11010 - Beograd,,,,,-,-,-,-,-,-,"011 2469363,063 247555",https://www.nekretnine.rs/en/agencije-za-nekretnine/359/
79,ALFA SISTEM NEKRETNINE,,,Beograd,"Lamartinova 3, 3 3 11118 - Beograd",,,,,-,-,-,-,-,-,"063 7269422,064 1757131",https://www.nekretnine.rs/en/agencije-za-nekretnine/685/
288,ALTA PROPERTY,,,Beograd,Francuska 12 12 11158 - Beograd,,,,,-,-,-,-,-,-,065 4596884,"https://www.indomio.rs/en/agent/alta-property/30017,https://www.nekretnine.rs/en/agencije-za-nekretnine/1137/"
302,AMAJLIJA NEKRETNINE,,,Beograd,"Танаска Рајића, 68 38 11224 - Beograd",,,,,-,-,-,-,-,-,069 1998777,"https://www.indomio.rs/en/agent/amajlija-nekretnine/29602,https://www.nekretnine.rs/en/agencije-za-nekretnine/4593/"
166,AMARI PROPERTIES,,,Beograd,Dunavski kej 48 11158 - Beograd,,,,,-,-,-,-,-,-,063 522525,https://www.nekretnine.rs/en/agencije-za-nekretnine/3459/
137,ANEKRETNINE,,,Beograd,Ulica Jurija Gagarina 149 11073 - Beograd,,,,,-,-,-,-,-,-,"063 259346,063 690322,063259346,063690322","https://www.indomio.rs/en/agent/anekretnine/30020,https://www.nekretnine.rs/en/agencije-za-nekretnine/1143/"
315,ANKH,,,Beograd,"Ulica Risanska, 7 7 11000 - Beograd",,,,,-,-,-,-,-,-,"061 6044429,067 7397617",https://www.nekretnine.rs/en/agencije-za-nekretnine/179/
364,APEX REAL ESTATE,,,Novi Sad,"Ulica Micurinova, 72 72 21101 - Novi Sad",,,,,-,-,-,-,-,-,"+381643335757,064 3335757","https://www.indomio.rs/en/agent/apex-real-estate/29774,https://www.nekretnine.rs/en/agencije-za-nekretnine/4747/"
141,APOLO NEKRETNINE,,,Beograd,Ulica Kralja Milutina 49 11000 - Beograd,,,,,-,-,-,-,-,-,"064 5087995,066 272747","https://www.indomio.rs/en/agent/apolo-nekretnine/30667,https://www.nekretnine.rs/en/agencije-za-nekretnine/309/"
267,ARAMONT,,,Beograd,Ulica Vojvode Milenka Stojkovica 1l 11000 - Beograd,,,,,-,-,-,-,-,-,"011 2750813,064 8941001",https://www.nekretnine.rs/en/agencije-za-nekretnine/3063/
388,AS NEKRETNINE,Zoran Knežević PR Agencija za promet nekretnina i izgradnju stambenih i nestambenih zgrada AS Nekretnine Kruševac,,broj stana: 8,"OBILIĆEVA 92, sprat: 1, broj stana: 8",104461761,60194548,31.5.2006.,Malo,"1,00","1,00","1,00","44.448.000,00","68.225.000,00","152.272.000,00","00-3655140101019,00-3655140101988,037458152,04461761,05-0000003020351,0642183203,069/807-4174,086686872",https://www.companywall.rs/firma/as-nekretnine/MMjQavsq
68,AS NEKRETNINE PRO,,,Beograd,"Ulica Momchila Cheditsha 41, Chukarica 11147 41 11147 - Beograd",,,,,-,-,-,-,-,-,"069 3304575,069 631195","https://www.indomio.rs/en/agent/as-nekretnine-pro/30847,https://www.nekretnine.rs/en/agencije-za-nekretnine/417/"
112,ASTRA NOWA,,,Beograd,"Улица Др Ивана Рибара, Нови Београд Србија, 11073 198 11073 - Beograd",,,,,-,-,-,-,-,-,"063 224106,063 224291,063224106,063224291","https://www.indomio.rs/en/agent/astra-nowa/30022,https://www.nekretnine.rs/en/agencije-za-nekretnine/1083/"
77,ATAŠE NEKRETNINE,,,Beograd,"Улица Његошева, 56, Београд Србија, 11111 56 11111 - Beograd",,,,,-,-,-,-,-,-,"011 4054407,065 2413404","https://www.indomio.rs/en/agent/ata%C5%A1e-nekretnine/30983,https://www.nekretnine.rs/en/agencije-za-nekretnine/783/"
115,ATRIUM PROPERTY SERVICES,,,Beograd,Bulevar Mihajla Pupina 165G 11070 - Beograd,,,,,-,-,-,-,-,-,"060 6406884,062 783741","https://www.indomio.rs/en/agent/atrium-property-services/30911,https://www.nekretnine.rs/en/agencije-za-nekretnine/63/"
330,AUTOR,,,Beograd,Ulica Patrijarha Varnave 30 11118 - Beograd,,,,,-,-,-,-,-,-,"011 3119187,063 377155",https://www.nekretnine.rs/en/agencije-za-nekretnine/1861/
194,AVENTIS,,,Beograd,"Ulica Obilicev venac, 18 18 11000 - Beograd",,,,,-,-,-,-,-,-,060 7301730,https://www.nekretnine.rs/en/agencije-za-nekretnine/541/
439,Awa Real Estate,,,Sombor,"Ulica Arsenija Carnojevica 28 Sombor, 25101, 28,",,,,,-,-,-,-,-,-,"+38163456319,+38163490529",https://www.indomio.rs/en/agent/awa-real-estate/10380
209,BALKAN PROPERTY MANAGEMENT,,,Beograd,"Улица Михаила Тодоровића, Београд Србија, 11050 20 11050 - Beograd",,,,,-,-,-,-,-,-,062 8227828,https://www.nekretnine.rs/en/agencije-za-nekretnine/737/
78,BEBA REAL ESTATE,,,Beograd,Ulica Macvanska 9 11118 - Beograd,,,,,-,-,-,-,-,-,"060 6969008,0606969008,063 1033958,0631033958","https://www.indomio.rs/en/agent/beba-real-estate/30879,https://www.nekretnine.rs/en/agencije-za-nekretnine/55/"
11,BEDEM NEKRETNINE,,,Srem Okrug,N/A,,,,,-,-,-,-,-,-,063 445079,https://www.nekretnine.rs/en/agencije-za-nekretnine/315/
65,BELI GRAD NEKRETNINE,,,Beograd,"Ulica Cvijitsheva, 89, Beograd Srbija, 11120 89 11120 - Beograd",,,,,-,-,-,-,-,-,"011 2625421,011 7111555,060 2395577,064 2757270","https://www.nekretnine.rs/en/agencije-za-nekretnine/1117/,https://www.nekretnine.rs/en/agencije-za-nekretnine/341/"
92,BENEFIT NEKRETNINE,,,Beograd,Nedeljka Gvozdenovića 34 86 11070 - Beograd,,,,,-,-,-,-,-,-,063 8771373,https://www.nekretnine.rs/en/agencije-za-nekretnine/277/
124,BEO STREET NEKRETNINE,,,Beograd,"Улица Молерова, 9, Београд Србија, 11111 9 11080 - Beograd",,,,,-,-,-,-,-,-,065 8216501,https://www.nekretnine.rs/en/agencije-za-nekretnine/1109/
81,BEOAGENT,,,Beograd,Palmotićeva 92 45 11108 - Beograd,,,,,-,-,-,-,-,-,"063 317170,064 1293890",https://www.nekretnine.rs/en/agencije-za-nekretnine/957/
62,BEOCITY NEKRETNINE,,,Beograd,"Ulica Makenzijeva, 22 22 11111 - Beograd",,,,,-,-,-,-,-,-,"011 3283901,0113283901,060 3283901,0603283901","https://www.indomio.rs/en/agent/beocity-nekretnine/30661,https://www.nekretnine.rs/en/agencije-za-nekretnine/307/"
189,BEOPRO PROPERTIES 011,,,Beograd,Ulica Marka Nikolica 19 11080 - Beograd,,,,,-,-,-,-,-,-,069 3755500,https://www.nekretnine.rs/en/agencije-za-nekretnine/3361/
259,BEOPROJEKT INŽENJERING,,,Beograd,Ulica Kamenorezacka 14 11060 - Beograd,,,,,-,-,-,-,-,-,"062 380041,062 380042,062380041,062380042","https://www.indomio.rs/en/agent/beoprojekt-in%C5%BEenjering/30718,https://www.nekretnine.rs/en/agencije-za-nekretnine/3237/"
222,BEOSTATUS,,,Beograd,Ulica Cara Lazara 5 11000 - Beograd,,,,,-,-,-,-,-,-,"064 1123938,0641123938","https://www.indomio.rs/en/agent/beostatus/30922,https://www.nekretnine.rs/en/agencije-za-nekretnine/65/"
88,BEOSTIL NEKRETNINE-STILIKO,,,Beograd,Knez Mihailova 23 23 11000 - Beograd,,,,,-,-,-,-,-,-,"063 347790,063347790","https://www.indomio.rs/en/agent/beostil-nekretnine-stiliko/31029,https://www.nekretnine.rs/en/agencije-za-nekretnine/955/"
91,BG HOME REAL ESTATE,,,Beograd,"Ulica Rade Konchara 2, Vozhdovac 11050 2 11050 - Beograd",,,,,-,-,-,-,-,-,"060 0800494,0600800494","https://www.indomio.rs/en/agent/bg-home-real-estate/30345,https://www.nekretnine.rs/en/agencije-za-nekretnine/205/"
295,BG NEKRETNINE-VINČA,,,Beograd,Ulica Palih boraca 117 11351 - Beograd,,,,,-,-,-,-,-,-,065 6792753,https://www.nekretnine.rs/en/agencije-za-nekretnine/1877/
235,BG PROPERTY GROUP,,,Beograd,Ulica Drenjacka 46 11309 - Beograd,,,,,-,-,-,-,-,-,"062 8184758,063 7284324",https://www.nekretnine.rs/en/agencije-za-nekretnine/3277/
104,BG Posrednik,,,Beograd,Ulica Starine Novaka 22 11120 - Beograd,,,,,-,-,-,-,-,-,060 1517115,https://www.nekretnine.rs/en/agencije-za-nekretnine/4387/
292,BGD NEKRETNINE,,,Beograd,Vojvode Micka Krstića 1k 1K 11060 - Beograd,,,,,-,-,-,-,-,-,065 2239344,https://www.nekretnine.rs/en/agencije-za-nekretnine/1279/
351,BIARH,,,Novi Sad,Trg Slobode 3 21101 - Novi Sad,,,,,-,-,-,-,-,-,"063 8834830,0638834830","https://www.indomio.rs/en/agent/biarh/31087,https://www.nekretnine.rs/en/agencije-za-nekretnine/569/"
96,BILDING NEKRETNINE,,,Beograd,Narodnih Heroja 27 27 11070 - Beograd,,,,,-,-,-,-,-,-,"065 8331531,065 8356181","https://www.indomio.rs/en/agent/bilding-nekretnine/30951,https://www.nekretnine.rs/en/agencije-za-nekretnine/707/"
136,BJANCA EXCLUSIVE,,,Beograd,Ulica Smiljaniceva 6 11111 - Beograd,,,,,-,-,-,-,-,-,064 0456683,"https://www.indomio.rs/en/agent/bjanca-exclusive/31040,https://www.nekretnine.rs/en/agencije-za-nekretnine/991/"
232,BLANUSA REAL ESTATE,,,Beograd,Ulica Branka Krsmanovica 7 11050 - Beograd,,,,,-,-,-,-,-,-,"064 2828878,064 2946550",https://www.nekretnine.rs/en/agencije-za-nekretnine/813/
58,BLAŽIĆ NEKRETNINE,,,Niš,Ulica Goricka 45 18106 - Niš,,,,,-,-,-,-,-,-,069 654007,https://www.nekretnine.rs/en/agencije-za-nekretnine/1329/
43,BM PLUS NEKRETNINE,,,Niš,Bulevar Nemanjica 103 18108 - Niš,,,,,-,-,-,-,-,-,060 5035392,https://www.nekretnine.rs/en/agencije-za-nekretnine/331/
215,BOLTON REAL ESTATE,,,Beograd,"Булевар ЈНА, 11А, Београд Србија, 11222 11A 11222 - Beograd",,,,,-,-,-,-,-,-,061 6864604,https://www.nekretnine.rs/en/agencije-za-nekretnine/693/
346,BOMBYX,,,Novi Sad,"Novi Sad, Svetozara Miletica 51 51 21101 - Novi Sad",,,,,-,-,-,-,-,-,063 518546,https://www.nekretnine.rs/en/agencije-za-nekretnine/641/
9,BONA FIDES NEKRETNINE NOVA,,,Divčibare,Ulica Karađorđeva 123 14000 - Valjevo - Divčibare,,,,,-,-,-,-,-,-,063 8226026,https://www.nekretnine.rs/en/agencije-za-nekretnine/31/
94,BOROVIĆ NEKRETNINE,,,Beograd,"Улица Његошева, 34, Београд Србија, 11111 34 11080 - Beograd",,,,,-,-,-,-,-,-,"063 333011,063 666011",https://www.nekretnine.rs/en/agencije-za-nekretnine/1101/
335,BOŽJAK NEKRETNINE,,,Zrenjanin,Ulica Koce Kolarova 20 23101 - Zrenjanin,,,,,-,-,-,-,-,-,063 7729329,https://www.nekretnine.rs/en/agencije-za-nekretnine/33/
113,BRIAN LACK AND COMPANY,,,Beograd,Ulica Hercegovacka 14 11000 - Beograd,,,,,-,-,-,-,-,-,"011 4010888,060 6860462","https://www.indomio.rs/en/agent/brian-lack-and-company/30003,https://www.nekretnine.rs/en/agencije-za-nekretnine/1057/"
245,BRIMA REAL ESTATE,,,Beograd,Ulica Stevana Markovica 3 11080 - Beograd,,,,,-,-,-,-,-,-,066 6161161,https://www.nekretnine.rs/en/agencije-za-nekretnine/529/
327,BUILD.ING,,,Beograd,Ulica Pere Veljkovica 16 11160 - Beograd,,,,,-,-,-,-,-,-,069 4011938,https://www.nekretnine.rs/en/agencije-za-nekretnine/171/
181,Bel Mondo,,,Beograd,Ulica Omladinskih brigada 84 11070 - Beograd,,,,,-,-,-,-,-,-,069 0777757,https://www.nekretnine.rs/en/agencije-za-nekretnine/4845/
27,CAPITAL LUX,,,Loznica,Ulica Kneza Milosa 8 15300 - Loznica,,,,,-,-,-,-,-,-,061 6648222,https://www.nekretnine.rs/en/agencije-za-nekretnine/797/
6,CB NEKRETNINE,,,Subotica,Dušana Petrovića 2 2 24109 - Subotica,,,,,-,-,-,-,-,-,062 556306,https://www.nekretnine.rs/en/agencije-za-nekretnine/427/
160,CENTROTEXTIL,,,Beograd,Ulica Kneza Mihaila 1 11000 - Beograd,,,,,-,-,-,-,-,-,"063 661086,069 8900003",https://www.nekretnine.rs/en/agencije-za-nekretnine/757/
204,CENTURY 66 RS,,,Beograd,Ulica Todora Dukina 84 11050 - Beograd,,,,,-,-,-,-,-,-,069 2441815,https://www.nekretnine.rs/en/agencije-za-nekretnine/1797/
4,CENZAR,,,Subotica,Ulica Prvomajska 14 24000 - Subotica,,,,,-,-,-,-,-,-,024 600680,https://www.nekretnine.rs/en/agencije-za-nekretnine/3439/
358,CFU INVEST,,,Novi Sad,Ulica Maksima Gorkog 17 21101 - Novi Sad,,,,,-,-,-,-,-,-,"021 3100102,069 3100102",https://www.nekretnine.rs/en/agencije-za-nekretnine/3411/
328,CITY SPACE REAL ESTATE,,,Beograd,Bulevar Vudroa Vilsona 14 11000 - Beograd,,,,,-,-,-,-,-,-,"064 8161061,069 3115191",https://www.nekretnine.rs/en/agencije-za-nekretnine/831/
226,CITYPRO,,,Beograd,"Лазаревачки друм, 12Б, Београд Србија, 11030 12 11030 - Beograd",,,,,-,-,-,-,-,-,"011 4452099,063 219949",https://www.nekretnine.rs/en/agencije-za-nekretnine/633/
244,COMFORT DE LUXE,,,Beograd,Ulica Antifasisticke Borbe 18 11070 - Beograd,,,,,-,-,-,-,-,-,063 215982,https://www.nekretnine.rs/en/agencije-za-nekretnine/1871/
125,CONCEPT REAL ESTATE,,,Beograd,Ulica Majke Jevrosime 47 11103 - Beograd,,,,,-,-,-,-,-,-,"061 2299988,066 8027377",https://www.nekretnine.rs/en/agencije-za-nekretnine/1103/
223,CONFIDO NEKRETNINE,,,Beograd,"Ulica Marshala Birjuzova, 1, Beograd Srbija, 11000 1 11000 - Beograd",,,,,-,-,-,-,-,-,"060 6262045,0606262045","https://www.indomio.rs/en/agent/confido-nekretnine/30235,https://www.nekretnine.rs/en/agencije-za-nekretnine/177/"
319,CONSULTING PLUS,,,Beograd,Ulica Ulcinjska 8 11050 - Beograd,,,,,-,-,-,-,-,-,063 201168,https://www.nekretnine.rs/en/agencije-za-nekretnine/695/
188,CONTINENTAL 100,,,Beograd,Ulica Dobracina 21 11158 - Beograd,,,,,-,-,-,-,-,-,"011 3038662,0113038662,0113038662
06310,063 1026070,0631026070","https://www.indomio.rs/en/agent/continental-100/30119,https://www.nekretnine.rs/en/agencije-za-nekretnine/1467/"
287,Casamia,,,Beograd,Ulica Terazije 18 11000 - Beograd,,,,,-,-,-,-,-,-,+39 339 123 9874,https://www.nekretnine.rs/en/agencije-za-nekretnine/3/
363,DAMA GRADNJA,,,Novi Sad,Futoski put 40B 21101 - Novi Sad,,,,,-,-,-,-,-,-,"062 483483,062 793793",https://www.nekretnine.rs/en/agencije-za-nekretnine/431/
56,DAMBO-dom izuzetnih nekretnina,,,Niš,Ulica Vrbaska 1 18106 - Niš,,,,,-,-,-,-,-,-,"061 6767106,0616767106,069 678666,069678666","https://www.indomio.rs/en/agent/dambo-dom-izuzetnih-nekretnina/30765,https://www.nekretnine.rs/en/agencije-za-nekretnine/335/"
116,DANOS AND ASSOCIATES,,,Beograd,Bulevar Milutina Milankovica 9 11070 - Beograd,,,,,-,-,-,-,-,-,"011 2600603,0112600603","https://www.indomio.rs/en/agent/danos-and-associates/30051,https://www.nekretnine.rs/en/agencije-za-nekretnine/1135/"
289,DE-MI INTERNATIONAL,,,Beograd,Ulica Vojni put blok 1. 171A 11080 - Beograd,,,,,-,-,-,-,-,-,"063 234078,063234078","https://www.indomio.rs/en/agent/de-mi-international/31172,https://www.nekretnine.rs/en/agencije-za-nekretnine/167/"
47,DELTA NEKRETNINE,,,Niš,Ulica Svetozara Markovica 24 18105 - Niš,,,,,-,-,-,-,-,-,"064 9555579,064 9555589",https://www.nekretnine.rs/en/agencije-za-nekretnine/987/
272,DENČIĆ,,,Beograd,Ulica Bartok Bele 20 11210 - Beograd,,,,,-,-,-,-,-,-,"011 4122001,064 2452300",https://www.nekretnine.rs/en/agencije-za-nekretnine/49/
105,DIKA REAL ESTATE,,,Beograd,Bulevar Mihajla Pupina 10V 11070 - Beograd,,,,,-,-,-,-,-,-,"064 2443132,064 8009355",https://www.nekretnine.rs/en/agencije-za-nekretnine/3481/
212,DINA DOM,,,Beograd,Ulica Narodnog fronta 11 11430 - Beograd,,,,,-,-,-,-,-,-,061 2418133,https://www.nekretnine.rs/en/agencije-za-nekretnine/571/
40,DISTRIKT NEKRETNINE,,,Niš,Ulica Svetozara Markovica 25 18105 - Niš,,,,,-,-,-,-,-,-,"061 7067401,0617067401","https://www.indomio.rs/en/agent/distrikt-nekretnine/30808,https://www.nekretnine.rs/en/agencije-za-nekretnine/3469/"
69,DIVIS NEKRETNINE,,,Beograd,Bulevar Despota Stefana 64 11108 - Beograd,,,,,-,-,-,-,-,-,"011 2751683,062 1916575","https://www.indomio.rs/en/agent/divis-nekretnine/30883,https://www.nekretnine.rs/en/agencije-za-nekretnine/561/"
318,DLD-PRO,,,Beograd,Ulica Maleska 34 11040 - Beograd,,,,,-,-,-,-,-,-,"011 3066838,069 2611519",https://www.nekretnine.rs/en/agencije-za-nekretnine/1597/
159,DOGMA NEKRETNINE,,,Beograd,Ulica Cara Dusana 35A 11080 - Beograd,,,,,-,-,-,-,-,-,"060 3359250,063 201205",https://www.nekretnine.rs/en/agencije-za-nekretnine/1161/
205,DOLCE VITA REALTY,,,Beograd,Ulica Dositejeva 21 11158 - Beograd,,,,,-,-,-,-,-,-,061 1986614,https://www.nekretnine.rs/en/agencije-za-nekretnine/1813/
261,DOMINIUM FSR,,,Beograd,Ulica Prolupine 34 11306 - Beograd,,,,,-,-,-,-,-,-,063 245860,https://www.nekretnine.rs/en/agencije-za-nekretnine/1185/
444,DOMUS KRIS NEKRETNINE,,,Vrnjačka Banja,"Ulica Nemanjina, 24,",,,,,-,-,-,-,-,-,,https://www.indomio.rs/en/agent/domus-kris-nekretnine/31088
42,DONA E,,,Niš,Bulevar Nemanjica 25 18105 - Niš,,,,,-,-,-,-,-,-,"060 0408229,061 3998482",https://www.nekretnine.rs/en/agencije-za-nekretnine/787/
264,DREAM REAL ESTATE,,,Beograd,Ustanicka 167 43 11000 - Beograd,,,,,-,-,-,-,-,-,060 0576306,"https://www.indomio.rs/en/agent/m-real-estate/30128,https://www.nekretnine.rs/en/agencije-za-nekretnine/311/"
48,DTS NEKRETNINE,,,Niš,Vozda Karadjordja 17 17 18105 - Niš,,,,,-,-,-,-,-,-,"060 4443365,060 6367820",https://www.nekretnine.rs/en/agencije-za-nekretnine/1139/
359,DVOR NEKRETNINE AK-87,,,Novi Sad,Ulica Pavla Simica 6 21101 - Novi Sad,,,,,-,-,-,-,-,-,"021 3830492,0213830492,060 0432580,0600432580","https://www.indomio.rs/en/agent/dvor-nekretnine-ak-87/30977,https://www.nekretnine.rs/en/agencije-za-nekretnine/769/"
440,Dominus,,,Aranđelovac,"Ulica Kneza Mihaila, 108, 34300,",,,,,-,-,-,-,-,-,"+381034225555,+381665225555",https://www.indomio.rs/en/agent/dominus/14127
120,ECONOMIC NET SYSTEM,,,Beograd,"Ulica Cvijiceva, 28 - Beograd",,,,,-,-,-,-,-,-,"+112754671,011 2754671","https://www.indomio.rs/en/agent/economic-net-system/29985,https://www.nekretnine.rs/en/agencije-za-nekretnine/1021/"
279,EDEN INTERNATIONAL 2013,,,Beograd,Ulica Jelisavete Nacic 14 11108 - Beograd,,,,,-,-,-,-,-,-,"011 6901751,0116901751,063 8779126,0638779126","https://www.indomio.rs/en/agent/eden-international-2013/30063,https://www.nekretnine.rs/en/agencije-za-nekretnine/1181/"
45,EDIT 018,,,Niš,Ulica Mije Petrovica 10 18105 - Niš,,,,,-,-,-,-,-,-,063 475072,https://www.nekretnine.rs/en/agencije-za-nekretnine/3457/
110,ELEGANT NEKRETNINE,,,Beograd,Lamartinova 36 36 11118 - Beograd,,,,,-,-,-,-,-,-,064 6610707,https://www.nekretnine.rs/en/agencije-za-nekretnine/621/
347,ELIT real estate,,,Novi Sad,"Житни трг, 9, Нови Сад Србија, 21101 9 21101 - Novi Sad",,,,,-,-,-,-,-,-,"+38162765100,+38162765500,062 765100,062 765500","https://www.indomio.rs/en/agent/elit-real-estate/21527,https://www.nekretnine.rs/en/agencije-za-nekretnine/4311/"
154,ELITE NEKRETNINE,,,Beograd,Ulica Macvanska 11 11080 - Beograd,,,,,-,-,-,-,-,-,"060 6689686,0606689686","https://www.indomio.rs/en/agent/elite-nekretnine/30178,https://www.nekretnine.rs/en/agencije-za-nekretnine/1631/"
211,ENTEGA,,,Beograd,"Ulica Makenzijeva, 79 79 11111 - Beograd",,,,,-,-,-,-,-,-,063 245503,https://www.nekretnine.rs/en/agencije-za-nekretnine/275/
323,EOS MATRIX,,,Beograd,Bulevar Milutina Milankovica 1i 11070 - Beograd,,,,,-,-,-,-,-,-,"063 1054846,063 620686","https://www.indomio.rs/en/agent/eos-matrix/30021,https://www.nekretnine.rs/en/agencije-za-nekretnine/1093/"
132,ERMITAŽ NEKRETNINE,,,Beograd,Ulica Takovska 45 11108 - Beograd,,,,,-,-,-,-,-,-,"063 8517777,063 8623333",https://www.nekretnine.rs/en/agencije-za-nekretnine/731/
70,ETAGI COM,,,Beograd,Ulica Patrijarha Varnave 20 11118 - Beograd,,,,,-,-,-,-,-,-,061 1096622,https://www.nekretnine.rs/en/agencije-za-nekretnine/1095/
167,EURO-WINNER NEKRETNINE,,,Beograd,"Bulevar Mihajla Pupina 5 Beograd, 11070 5 11070 - Beograd",,,,,-,-,-,-,-,-,"+616501477,011 6138259,061 6501477,066 8128875","https://www.indomio.rs/en/agent/winner-nekretnine/31071,https://www.nekretnine.rs/en/agencije-za-nekretnine/291/,https://www.nekretnine.rs/en/agencije-za-nekretnine/333/"
161,EUROINVEST PROPERTIES DOO,,,Beograd,Ratka Mitrovića 98 98 11030 - Beograd,,,,,-,-,-,-,-,-,"011 2518741,065 2512317","https://www.indomio.rs/en/agent/euroinvest-properties-doo/30873,https://www.nekretnine.rs/en/agencije-za-nekretnine/531/"
237,EUROKVADRAT,,,Beograd,Ulica Maksima Gorkog 105 11050 - Beograd,,,,,-,-,-,-,-,-,063 467765,https://www.nekretnine.rs/en/agencije-za-nekretnine/367/
145,EUROPA EXCLUSIVE REAL ESTATE,,,Beograd,"Ulica Vojvode Milenka Stojkovica, 3 - Beograd",,,,,-,-,-,-,-,-,"011 2682129,063 281920",https://www.nekretnine.rs/en/agencije-za-nekretnine/321/
64,EUROPOLIS REAL ESTATE,,,Beograd,"Bulevar Zorana Djindjitsha 81, Novi Beograd 11070 165A 11070 - Beograd",,,,,-,-,-,-,-,-,"011 3130164,064 8736425",https://www.nekretnine.rs/en/agencije-za-nekretnine/579/
63,EURORENT,,,Beograd,Takovska 45 45 11108 - Beograd,,,,,-,-,-,-,-,-,"011 3293161,0113293161,060 3293161,0603293161","https://www.indomio.rs/en/agent/eurorent/30907,https://www.nekretnine.rs/en/agencije-za-nekretnine/623/"
365,EVROPA NS,,,Novi Sad,Ulica Puskinova 1 21102 - Novi Sad,,,,,-,-,-,-,-,-,"021 3011814,062 707987",https://www.nekretnine.rs/en/agencije-za-nekretnine/2919/
34,EXPERT NEKRETNINE,,,Niš,Vojvode Misica 105A/1 105 18105 - Niš,,,,,-,-,-,-,-,-,"018 4151476,018 4151483,0184151476,0184151483","https://www.indomio.rs/en/agent/expert-nekretnine/30860,https://www.nekretnine.rs/en/agencije-za-nekretnine/451/"
129,EXTRA HOME,,,Beograd,"Bulevar Marsala Tolbuhina, 33 33 11070 - Beograd",,,,,-,-,-,-,-,-,065 9779776,https://www.nekretnine.rs/en/agencije-za-nekretnine/159/
301,Elite pro,,,Beograd,Ulica Stanislava Sremcevica Crnog 11 11050 - Beograd,,,,,-,-,-,-,-,-,064 1224696,https://www.nekretnine.rs/en/agencije-za-nekretnine/4909/
345,FAMILY NEKRETNINE,,,Novi Sad,Ulica Radnicka 2a 21101 - Novi Sad,,,,,-,-,-,-,-,-,"063 663254,063663254","https://www.indomio.rs/en/agent/family-nekretnine/30848,https://www.nekretnine.rs/en/agencije-za-nekretnine/425/"
1,FAST PROJEKT,,,Veliko Gradište,Ulica Boska Vrebalova 1 12220 - Veliko Gradište,,,,,-,-,-,-,-,-,063 359324,"https://www.indomio.rs/en/agent/fast-projekt/30770,https://www.nekretnine.rs/en/agencije-za-nekretnine/337/"
86,FAVORIT,,,Beograd,Bulevar Kralja Aleksandra 36 36 11000 - Beograd,,,,,-,-,-,-,-,-,"011 3239505,060 3239505",https://www.nekretnine.rs/en/agencije-za-nekretnine/985/
155,FELIX REAL ESTATE,,,Beograd,Ulica Gandijeva 122 11077 - Beograd,,,,,-,-,-,-,-,-,062 8936234,https://www.nekretnine.rs/en/agencije-za-nekretnine/665/
101,FENIKS SISTEM,,,Beograd,Beogradska 8 11000 - Beograd,,,,,-,-,-,-,-,-,"011 3618373,062 348610",https://www.nekretnine.rs/en/agencije-za-nekretnine/227/
28,FILIPOVIĆ INVEST GRADNJA,,,Loznica,Ulica Dragana Srnica 1B 15300 - Loznica,,,,,-,-,-,-,-,-,064 4168882,https://www.nekretnine.rs/en/agencije-za-nekretnine/869/
177,FIMA NEKRETNINE,,,Beograd,Marka Oreškovića 60 60 11120 - Beograd,,,,,-,-,-,-,-,-,"011 7837509,065 3837509",https://www.nekretnine.rs/en/agencije-za-nekretnine/285/
22,FINA NEKRETNINE REAL ESTATE AGENCY,,,Prijepolje,Valterova 76 A 76A 31303 - Prijepolje,,,,,-,-,-,-,-,-,"033 714544,064 8821102","https://www.indomio.rs/en/agent/fina-nekretnine-real-estate-agency/30880,https://www.nekretnine.rs/en/agencije-za-nekretnine/551/"
107,FORMA TIM,,,Beograd,"Улица Крфска, 22, Београд Србија, 11120 22 11120 - Beograd",,,,,-,-,-,-,-,-,"060 5713838,065 2856612","https://www.indomio.rs/en/agent/forma-tim/30432,https://www.nekretnine.rs/en/agencije-za-nekretnine/237/"
334,Fra Ore Test,,,Beograd,Ulica Krunska 73 11111 - Beograd,,,,,-,-,-,-,-,-,+39 329 091 5314,https://www.nekretnine.rs/en/agencije-za-nekretnine/1/
168,GALAS NEKRETNINE,,,Beograd,"Улица Симе Игуманова, 2, Београд Србија, 11118 2 11118 - Beograd",,,,,-,-,-,-,-,-,"065 9295351,066 333664",https://www.nekretnine.rs/en/agencije-za-nekretnine/187/
97,GALERIJA NEKRETNINE,,,Beograd,"Ulica Kraljice Natalije, 7 7 11000 - Beograd",,,,,-,-,-,-,-,-,"011 3236409,065 2335260",https://www.nekretnine.rs/en/agencije-za-nekretnine/609/
274,GALIJA REAL ESTATE,,,Beograd,"Ulica Beogradska 62 Beograd, 11000 62 11000 - Beograd",,,,,-,-,-,-,-,-,064 1329769,https://www.nekretnine.rs/en/agencije-za-nekretnine/1133/
117,GAMA PROPERTY Beograd,,,Beograd,Ulica Decanska 23 11103 - Beograd,,,,,-,-,-,-,-,-,"011 4042288,061 4042288",https://www.nekretnine.rs/en/agencije-za-nekretnine/613/
298,GARNET REAL-ESTATE,,,Beograd,Ulica Rajka Mitica 28B 11040 - Beograd,,,,,-,-,-,-,-,-,060 5472000,https://www.nekretnine.rs/en/agencije-za-nekretnine/3431/
294,GEMAR,,,Beograd,Ulica Ustanicka 189 11050 - Beograd,,,,,-,-,-,-,-,-,"063 7564438,066 9020839",https://www.nekretnine.rs/en/agencije-za-nekretnine/1127/
219,GEMI TRADE,,,Beograd,Bulevar Mihajla Pupina 10Z 11070 - Beograd,,,,,-,-,-,-,-,-,"011 3115883,063 201679",https://www.nekretnine.rs/en/agencije-za-nekretnine/369/
19,GEOBERZA,,,Inđija,Ulica Mitrovdanska 4 22320 - Inđija,,,,,-,-,-,-,-,-,"022 560212,060 3300876",https://www.nekretnine.rs/en/agencije-za-nekretnine/2265/
321,GEOTAUR,,,Beograd,Ulica Rajka Mitica 22 11040 - Beograd,,,,,-,-,-,-,-,-,"064 2476578,0642476578,065 5035425,0655035425","https://www.indomio.rs/en/agent/geotaur/30807,https://www.nekretnine.rs/en/agencije-za-nekretnine/3467/"
50,GIGANT LUX,,,Niš,Ulica Obrenoviceva 5 18105 - Niš,,,,,-,-,-,-,-,-,"011 3623000,0113623000,064 5381199,064 8633975,0648633975","https://www.indomio.rs/en/agent/gigant-nekretnine/30325,https://www.nekretnine.rs/en/agencije-za-nekretnine/199/,https://www.nekretnine.rs/en/agencije-za-nekretnine/4381/"
61,GIMMEL NEKRETNINE,,,Aleksinac,Ulica Dunavska 1 18363 - Aleksinac,,,,,-,-,-,-,-,-,"066 5320190,0665320190","https://www.indomio.rs/en/agent/gimmel-nekretnine/30167,https://www.nekretnine.rs/en/agencije-za-nekretnine/1603/"
283,GJV EXPERT,,,Beograd,Ulica Sundeciceva 30 11050 - Beograd,,,,,-,-,-,-,-,-,065 8130060,https://www.nekretnine.rs/en/agencije-za-nekretnine/3437/
98,GLIGORIĆ NEKRETNINE,,,Beograd,"Ulica Simina, 13 13 11010 - Beograd",,,,,-,-,-,-,-,-,011 4540730,"https://www.indomio.rs/en/agent/gligori%C4%87-nekretnine/31085,https://www.nekretnine.rs/en/agencije-za-nekretnine/57/"
307,GOLDNET REAL ESTATE,,,Beograd,Ulica Hanibala Lucica 2 11050 - Beograd,,,,,-,-,-,-,-,-,"064 9790641,0649790641","https://www.indomio.rs/en/agent/goldnet-real-estate/30516,https://www.nekretnine.rs/en/agencije-za-nekretnine/2569/"
122,GOXY,,,Beograd,Koste Glavinića 1a 1A 11040 - Beograd,,,,,-,-,-,-,-,-,"011 3066416,065 3066416","https://www.indomio.rs/en/agent/goxy/31034,https://www.nekretnine.rs/en/agencije-za-nekretnine/975/"
29,GRADEKS,,,Loznica,Ulica Uciteljska 12 15300 - Loznica,,,,,-,-,-,-,-,-,"015 893993,063 226399","https://www.indomio.rs/en/agent/gradeks/30018,https://www.nekretnine.rs/en/agencije-za-nekretnine/1087/"
269,GRAND STAR doo,,,Beograd,Ulica Milovana Milovanovica 1 11000 - Beograd,,,,,-,-,-,-,-,-,063 200181,https://www.nekretnine.rs/en/agencije-za-nekretnine/4873/
291,GREEN DOOR PROPERTIES,,,Beograd,"Balkanska 18 (TC Ivanium), lok. 50 18 11000 - Beograd",,,,,-,-,-,-,-,-,"011 3626009,064 3301577",https://www.nekretnine.rs/en/agencije-za-nekretnine/761/
172,GROF 011,,,Beograd,Ulica Dolacka 3 11160 - Beograd,,,,,-,-,-,-,-,-,066 382220,https://www.nekretnine.rs/en/agencije-za-nekretnine/1867/
10,HARMONY 022,,,Inđija,"Kneza Miloša 7/13, Beška 7 22324 - Inđija",,,,,-,-,-,-,-,-,"065 5308205,0655308205","https://www.indomio.rs/en/agent/harmony-022/30409,https://www.nekretnine.rs/en/agencije-za-nekretnine/23/"
251,HELIANTHUS NEKRETNINE,,,Beograd,Ulica Generala Anrija 17 11040 - Beograd,,,,,-,-,-,-,-,-,"064 5228049,0645228049","https://www.indomio.rs/en/agent/helianthus-nekretnine/30891,https://www.nekretnine.rs/en/agencije-za-nekretnine/585/"
305,HOMA PROPERTIES,,,Beograd,Bulevar Kralja Aleksandra 171 11120 - Beograd,,,,,-,-,-,-,-,-,064 1169582,https://www.nekretnine.rs/en/agencije-za-nekretnine/1705/
153,HOME2HOME NEKRETNINE,,,Beograd,Ulica Pozarevacka 33 11111 - Beograd,,,,,-,-,-,-,-,-,069 3355719,https://www.nekretnine.rs/en/agencije-za-nekretnine/3449/
228,HOUSE BOOKER,,,Beograd,Ulica Zeleni venac 2A 11000 - Beograd,,,,,-,-,-,-,-,-,060 5050191,https://www.nekretnine.rs/en/agencije-za-nekretnine/3421/
170,IBIS-ASTRA,,,Beograd,Ulica Majke Jevrosime 40 11103 - Beograd,,,,,-,-,-,-,-,-,"011 3037111,065 3037111",https://www.nekretnine.rs/en/agencije-za-nekretnine/971/
135,IDEAL KONSALTING,,,Beograd,Ulica Avalska 77 11224 - Beograd,,,,,-,-,-,-,-,-,"+381658054302,065 8054302","https://www.indomio.rs/en/agent/ideal-konsalting/30374,https://www.nekretnine.rs/en/agencije-za-nekretnine/2167/"
266,IDEALAN STAN doo,,,Beograd,Ulica Jurija Gagarina 151 11073 - Beograd,,,,,-,-,-,-,-,-,"011 2289403,064 0174272",https://www.nekretnine.rs/en/agencije-za-nekretnine/595/
199,IDEALS BG NEKRETNINE,,,Beograd,Ulica Sindjeliceva 28 11111 - Beograd,,,,,-,-,-,-,-,-,"063 1827323,069 1392277",https://www.nekretnine.rs/en/agencije-za-nekretnine/4881/
7,IM TOPOLA,,,Bačka Topola,Ulica Marsala Tita 3 24300 - Bačka Topola,,,,,-,-,-,-,-,-,063 290009,"https://www.indomio.rs/en/agent/im-topola/31138,https://www.nekretnine.rs/en/agencije-za-nekretnine/3389/"
218,IMAGE NEKRETNINE,,,Beograd,Ulica Vucedolska 8 11118 - Beograd,,,,,-,-,-,-,-,-,"060 4448360,066 000806",https://www.nekretnine.rs/en/agencije-za-nekretnine/1039/
354,IMPERIAL NEKRETNINE NOVI SAD,,,Novi Sad,Bulevar oslobođenja 68 C/1 68 21101 - Novi Sad,,,,,-,-,-,-,-,-,063 519584,https://www.nekretnine.rs/en/agencije-za-nekretnine/1115/
268,IMPULS NEKRETNINE,,,Beograd,Ulica Makenzijeva 37 11111 - Beograd,,,,,-,-,-,-,-,-,063 369522,https://www.nekretnine.rs/en/agencije-za-nekretnine/3399/
52,INVESTITOR FILIPOVIĆ,,,Niš,Ulica Zarka Zrenjanina 37 18103 - Niš,,,,,-,-,-,-,-,-,"060 5033681,0605033681","https://www.indomio.rs/en/agent/investitor-filipovi%C4%87/30024,https://www.nekretnine.rs/en/agencije-za-nekretnine/1089/"
57,IRMA NEKRETNINE,,,Niš,Ulica Generala Boze Jankovica 11 18105 - Niš,,,,,-,-,-,-,-,-,069 4199961,https://www.nekretnine.rs/en/agencije-za-nekretnine/735/
225,IV NEKRETNINE,,,Beograd,16.oktobra 14 14 11050 - Beograd,,,,,-,-,-,-,-,-,"011 7645606,065 3422271",https://www.nekretnine.rs/en/agencije-za-nekretnine/2575/
20,Immobiliare.it-test,,,Srem Okrug,N/A,,,,,-,-,-,-,-,-,+39 333 123 1233,https://www.nekretnine.rs/en/agencije-za-nekretnine/4883/
352,JANA KONSALTING 021,,,Novi Sad,Bulevar Patrijarha Pavla 63 21123 - Novi Sad,,,,,-,-,-,-,-,-,"065 8859359,0658859359","https://www.indomio.rs/en/agent/jana-konsalting-021/30205,https://www.nekretnine.rs/en/agencije-za-nekretnine/1701/"
123,JARIĆ NEKRETNINE,,,Beograd,"Karadjordjev trg, 11, Belgrade Serbia, 11080 11 11080 - Beograd",,,,,-,-,-,-,-,-,"060 6890261,063 236400",https://www.nekretnine.rs/en/agencije-za-nekretnine/1125/
23,JAVOR NEKRETNINE,,,Zlatiborski Okrug,N/A,,,,,-,-,-,-,-,-,"065 6900999,0656900999","https://www.indomio.rs/en/agent/javor-nekretnine/30185,https://www.nekretnine.rs/en/agencije-za-nekretnine/165/"
121,JD PROPERTIES AND CONSULTING DOO,,,Beograd,Bulevar Mihajla Pupina 6A 11070 - Beograd,,,,,-,-,-,-,-,-,061 6917238,"https://www.indomio.rs/en/agent/jd-properties-and-consulting-doo/30809,https://www.nekretnine.rs/en/agencije-za-nekretnine/347/"
356,JORDAN ENERGY - OGRANAK FREEDOM NEKRETNINE,,,Novi Sad,Ulica Rackog 196 21132 - Novi Sad,,,,,-,-,-,-,-,-,063 500225,https://www.nekretnine.rs/en/agencije-za-nekretnine/3309/
229,KAAT Nekretnine,,,Beograd,Ulica Pilota Mihaila Petrovica 33V 11090 - Beograd,,,,,-,-,-,-,-,-,066 443011,https://www.nekretnine.rs/en/agencije-za-nekretnine/3405/
119,KADENA SOTHEBY'S INTERNATIONAL REALTY,,,Beograd,Bulevar Milutina Milankovica 11v 11070 - Beograd,,,,,-,-,-,-,-,-,011 7188888,https://www.nekretnine.rs/en/agencije-za-nekretnine/345/
139,KALEM NEKRETNINE,,,Beograd,"Ulica Mileshevska, 30, Beograd Srbija, 11118 30 11118 - Beograd",,,,,-,-,-,-,-,-,"+381652726444,065 2726444,0652726444","https://www.indomio.rs/en/agent/kalem-nekretnine/30480,https://www.nekretnine.rs/en/agencije-za-nekretnine/249/"
14,KATANI,,,Stara Pazova,Ulica Svetosavska 94 22303 - Stara Pazova,,,,,-,-,-,-,-,-,"+3810606046878,060 6046878","https://www.indomio.rs/en/agent/katani/31107,https://www.nekretnine.rs/en/agencije-za-nekretnine/3391/"
331,KATEI,,,Beograd,Ulica Blagoja Parovica 148 11030 - Beograd,,,,,-,-,-,-,-,-,060 6365500,https://www.nekretnine.rs/en/agencije-za-nekretnine/1923/
87,KEY REAL ESTATE,,,Beograd,Ulica Sindjeliceva 11 11080 - Beograd,,,,,-,-,-,-,-,-,"064 0099090,064 2888334",https://www.nekretnine.rs/en/agencije-za-nekretnine/745/
242,KEČA NEKRETNINE,,,Beograd,KRALjA PETRA PRVOG 181 11000 - Beograd,,,,,-,-,-,-,-,-,063 8232015,"https://www.indomio.rs/en/agent/ke%C4%8Da-nekretnine/31010,https://www.nekretnine.rs/en/agencije-za-nekretnine/845/"
46,KITIĆ,,,Niš,Nikole Pasica 30/2 21 18105 - Niš,,,,,-,-,-,-,-,-,"060 4687556,063 468755",https://www.nekretnine.rs/en/agencije-za-nekretnine/687/
341,KLJUČ 3112 NEKRETNINE,,,Novi Sad,Ulica Maksima Gorkog 2 21101 - Novi Sad,,,,,-,-,-,-,-,-,"+38121524601,+381605246010,021 524601,060 5246010","https://www.indomio.rs/en/agent/klju%C4%8D-3112-nekretnine/30201,https://www.nekretnine.rs/en/agencije-za-nekretnine/1695/"
138,KLJUČ NEKRETNINE,,,Beograd,Ulica Milesevska 34A 11118 - Beograd,,,,,-,-,-,-,-,-,"069 3261231,069 5219155,0693261231,0695219155","https://www.indomio.rs/en/agent/klju%C4%8D-nekretnine/30830,https://www.nekretnine.rs/en/agencije-za-nekretnine/37/"
53,KODEKS NIŠ,,,Niš,Ulica Vozda Karadjordja 22 18105 - Niš,,,,,-,-,-,-,-,-,"018 527717,060 7000737",https://www.nekretnine.rs/en/agencije-za-nekretnine/11/
13,KONSALTING,,,Stara Pazova,Svetosavska 9 9 22300 - Stara Pazova,,,,,-,-,-,-,-,-,"022 311911,063 528683",https://www.nekretnine.rs/en/agencije-za-nekretnine/1085/
303,KONSTRUKTOR KONSALTING,,,Beograd,Bulevar Vojvode Bojovica 28 11000 - Beograd,,,,,-,-,-,-,-,-,"062 232519,062 258678",https://www.nekretnine.rs/en/agencije-za-nekretnine/381/
82,KOSMOPOLIT NEKRETNINE,,,Beograd,Ulica Molerova 68 11111 - Beograd,,,,,-,-,-,-,-,-,060 4506688,"https://www.indomio.rs/en/agent/kosmopolit-nekretnine/30975,https://www.nekretnine.rs/en/agencije-za-nekretnine/765/"
429,KRAČUN KOVIN,,,Kovin,"Ulica Sonje Marinkovic, 4,",,,,,-,-,-,-,-,-,,https://www.indomio.rs/en/agent/kra%C4%8Dun-kovin/31025
118,KREDIUM,,,Beograd,Ulica Nikolaja Krasnova 11 11000 - Beograd,,,,,-,-,-,-,-,-,"066 6868987,066 6868998","https://www.indomio.rs/en/agent/kredium/30835,https://www.nekretnine.rs/en/agencije-za-nekretnine/383/"
366,KUC KUC,,,Novi Sad,Ulica Sutjeska 2 21101 - Novi Sad,,,,,-,-,-,-,-,-,062 1538077,https://www.nekretnine.rs/en/agencije-za-nekretnine/2521/
74,KUĆA I STAN,,,Beograd,Ulica Hadzi-Prodanova 14 11111 - Beograd,,,,,-,-,-,-,-,-,063 7017569,https://www.nekretnine.rs/en/agencije-za-nekretnine/1029/
36,KUĆA PETROVIĆ DOO,,,Niš,Vožda Karađorđa 7/4 7 18105 - Niš,,,,,-,-,-,-,-,-,"018 4151462,018 4151473",https://www.nekretnine.rs/en/agencije-za-nekretnine/1299/
311,KVADRAT OBRENOVAC,,,Beograd,Ulica Vojvode Zivojina Misica 192 11500 - Beograd,,,,,-,-,-,-,-,-,066 9319953,https://www.nekretnine.rs/en/agencije-za-nekretnine/863/
169,KVADRATIĆ,,,Beograd,Ulica Sime Igumanova 2 11118 - Beograd,,,,,-,-,-,-,-,-,"062 434420,062434420","https://www.indomio.rs/en/agent/kvadrati%C4%87/30857,https://www.nekretnine.rs/en/agencije-za-nekretnine/447/"
71,KW CVETKOVIĆ ROŠKOV,,,Beograd,Ulica Makenzijeva 67 11111 - Beograd,,,,,-,-,-,-,-,-,"011 3443953,0113443953,060 3443953,0603443953","https://www.indomio.rs/en/agent/kw-cvetkovi%C4%87-ro%C5%A1kov/30872,https://www.nekretnine.rs/en/agencije-za-nekretnine/53/"
250,Krstic Nekretnine DOO,,,Beograd,Ulica Vojvode Stepe 34 11010 - Beograd,,,,,-,-,-,-,-,-,"063 8888553,064 1188882",https://www.nekretnine.rs/en/agencije-za-nekretnine/4495/
5,Kvadrat 024,,,Subotica,"Ulica Endrea Bajci-Zilinskog, 5 5 24109 - Subotica",,,,,-,-,-,-,-,-,"+38124600024,+381600657508,024 600024,060 0657508","https://www.indomio.rs/en/agent/kvadrat-024/14571,https://www.nekretnine.rs/en/agencije-za-nekretnine/4033/"
248,LATERNA NEKRETNINE,,,Beograd,Ulica Omladinskih brigada 174 11073 - Beograd,,,,,-,-,-,-,-,-,064 1515091,https://www.nekretnine.rs/en/agencije-za-nekretnine/559/
348,LAV 2020 NEKRETNINE,,,Novi Sad,Augusta Cesarca 18 18 21101 - Novi Sad,,,,,-,-,-,-,-,-,"063 7445379,064 7445379",https://www.nekretnine.rs/en/agencije-za-nekretnine/1065/
100,LAV NEKRETNINE,,,Beograd,Ulica Obilicev venac 18 11000 - Beograd,,,,,-,-,-,-,-,-,061 2098881,https://www.nekretnine.rs/en/agencije-za-nekretnine/1153/
217,LAVA GLOBAL REALTY,,,Beograd,Ulica Grcica Milenka 84 11050 - Beograd,,,,,-,-,-,-,-,-,063 607888,https://www.nekretnine.rs/en/agencije-za-nekretnine/835/
257,LAWA HOSPITALITY,,,Beograd,Ulica Bregalnicka 2 11050 - Beograd,,,,,-,-,-,-,-,-,063 1111221,https://www.nekretnine.rs/en/agencije-za-nekretnine/2273/
60,LEGRO,,,Niš,Ulica Jovana Ristica 25 18105 - Niš,,,,,-,-,-,-,-,-,"060 0110919,0600110919,063 413224,063413224","https://www.indomio.rs/en/agent/legro/30046,https://www.nekretnine.rs/en/agencije-za-nekretnine/1211/"
147,LENKA NEKRETNINE,,,Beograd,- 11030 - Beograd,,,,,-,-,-,-,-,-,"011 354433,060 5711190","https://www.indomio.rs/en/agent/lenka-nekretnine/30937,https://www.nekretnine.rs/en/agencije-za-nekretnine/681/"
185,LEO REAL ESTATE,,,Beograd,"Ulica Surcinska, 221 - Beograd",,,,,-,-,-,-,-,-,"+381642550059,064 2550059","https://www.indomio.rs/en/agent/leo-real-estate/21532,https://www.nekretnine.rs/en/agencije-za-nekretnine/4313/"
322,LEON REAL ESTATE,,,Beograd,"Luke Ćelovića Trebinjca, 40 - Beograd",,,,,-,-,-,-,-,-,065 2586924,"https://www.indomio.rs/en/agent/leon-real-estate/29743,https://www.nekretnine.rs/en/agencije-za-nekretnine/4719/"
241,LESTO REALTY,,,Beograd,Bulevar Milutina Milankovica 7 11070 - Beograd,,,,,-,-,-,-,-,-,"063 443388,063 667770",https://www.nekretnine.rs/en/agencije-za-nekretnine/833/
67,LEVERAGE NEKRETNINE,,,Beograd,"Savski trg, 9, Beograd Srbija, 11000 9 11000 - Beograd",,,,,-,-,-,-,-,-,"011 4512783,065 6834272",https://www.nekretnine.rs/en/agencije-za-nekretnine/3427/
30,LIBERO,,,Šabac,Cara Dusana 7 7 15000 - Šabac,,,,,-,-,-,-,-,-,"015 340190,063 395544",https://www.nekretnine.rs/en/agencije-za-nekretnine/2119/
126,LIBERO 011,,,Beograd,Ulica Jurija Gagarina 229 11073 - Beograd,,,,,-,-,-,-,-,-,062 8860356,https://www.nekretnine.rs/en/agencije-za-nekretnine/807/
206,LIBRA REAL ESTATE,,,Beograd,Ulica Milana Rakica 4 11120 - Beograd,,,,,-,-,-,-,-,-,"066 100030,066 8024985",https://www.nekretnine.rs/en/agencije-za-nekretnine/375/
276,LISTER NEKRETNINE,,,Beograd,Ulica Otona Zupancica 46 11080 - Beograd,,,,,-,-,-,-,-,-,064 3899319,"https://www.indomio.rs/en/agent/lister-nekretnine/30441,https://www.nekretnine.rs/en/agencije-za-nekretnine/239/"
210,LUSSO NEKRETNINE,,,Beograd,Bulevar Arsenija Carnojevica 78 11070 - Beograd,,,,,-,-,-,-,-,-,"060 5334323,0605334323,062 798738,062798738","https://www.indomio.rs/en/agent/lusso-nekretnine/30585,https://www.nekretnine.rs/en/agencije-za-nekretnine/281/"
207,LUX HOME,,,Beograd,Ulica Jurija Gagarina 14 11070 - Beograd,,,,,-,-,-,-,-,-,"011 6302305,063 221576",https://www.nekretnine.rs/en/agencije-za-nekretnine/701/
280,LVN REALTY AND ADVISORY,,,Beograd,Ulica Generala Nikodija Stefanovica 3 11040 - Beograd,,,,,-,-,-,-,-,-,"063 345577,063 635196,063345577,063635196","https://www.indomio.rs/en/agent/lvn-realty-and-advisory/30082,https://www.nekretnine.rs/en/agencije-za-nekretnine/1209/"
114,Lambrin nekretnine,,,Beograd,Ulica Obilicev venac 16 11000 - Beograd,,,,,-,-,-,-,-,-,060 6860652,https://www.nekretnine.rs/en/agencije-za-nekretnine/4791/
434,Liatris doo,,,Beograd,"Ulica Beogradskog bataljona, 4,",,,,,-,-,-,-,-,-,+3810646443732,https://www.indomio.rs/en/agent/liatris-doo/31758
430,M ENTERIJER GRADNJA,,,Beograd,"Ulica Save Maskovica, 2,",,,,,-,-,-,-,-,-,+381668777410,https://www.indomio.rs/en/agent/m-enterijer-gradnja/30711
353,M2 KVADRAT NEKRETNINE,,,Novi Sad,Bulevar Oslobodjenja 78 21101 - Novi Sad,,,,,-,-,-,-,-,-,062 8153377,https://www.nekretnine.rs/en/agencije-za-nekretnine/543/
31,MABO INVEST,,,Loznica,Ulica Miodraga Borisavljevica 4 15300 - Loznica,,,,,-,-,-,-,-,-,069 8645365,https://www.nekretnine.rs/en/agencije-za-nekretnine/817/
371,MACRO INVEST DOO,,,Novi Sad,Bulevar Cara Lazara 76 21102 - Novi Sad,,,,,-,-,-,-,-,-,065 5468228,"https://www.indomio.rs/en/agent/macro-invest-doo/31531,https://www.nekretnine.rs/en/agencije-za-nekretnine/4853/"
130,MAKI NEKRETNINE,,,Beograd,Dravska 1 1 11050 - Beograd,,,,,-,-,-,-,-,-,"064 6105507,0646105507","https://www.indomio.rs/en/agent/maki-nekretnine/30834,https://www.nekretnine.rs/en/agencije-za-nekretnine/379/"
369,MAKSIMA NEKRETNINE,,,Novi Sad,Bulevar Oslobodjenja 70 70 21101 - Novi Sad,,,,,-,-,-,-,-,-,"+381638086962,+381638086962
06380,063 8086962,0638086962","https://www.indomio.rs/en/agent/maksima-nekretnine/12104,https://www.nekretnine.rs/en/agencije-za-nekretnine/3863/"
131,MANERA,,,Beograd,Bulevar Kralja Aleksandra 118 11111 - Beograd,,,,,-,-,-,-,-,-,"+38163444443,063 444443,063444443","https://www.indomio.rs/en/agent/manera/30782,https://www.nekretnine.rs/en/agencije-za-nekretnine/3407/"
349,MASTER 021 NEKRETNINE,,,Novi Sad,"Ulica Pasterova, 7 - Novi Sad",,,,,-,-,-,-,-,-,"063 536286,063536286,064 6432338,0646432338","https://www.indomio.rs/en/agent/master-021-nekretnine/30779,https://www.nekretnine.rs/en/agencije-za-nekretnine/3401/"
367,MAT REAL ESTATE,,,Novi Sad,Bulevar Mihajla Pupina 1 21101 - Novi Sad,,,,,-,-,-,-,-,-,"021 526277,060 1604498",https://www.nekretnine.rs/en/agencije-za-nekretnine/39/
21,MAX MAGNUS INVEST,,,Užice,Dimitrija Tucovića 36 36 31104 - Užice,,,,,-,-,-,-,-,-,"031 500305,060 3057050",https://www.nekretnine.rs/en/agencije-za-nekretnine/1559/
208,MAXIM MEDIA DOO,,,Beograd,Ulica Alekse Nenadovica 19 11111 - Beograd,,,,,-,-,-,-,-,-,060 6444790,https://www.nekretnine.rs/en/agencije-za-nekretnine/3483/
8,MAŠA NEKRETNINE,,,Subotica,"Ulica Matka Vukovica, 8 - Subotica",,,,,-,-,-,-,-,-,"+381600111944,060 0111944","https://www.indomio.rs/en/agent/ma%C5%A1a-nekretnine/29805,https://www.nekretnine.rs/en/agencije-za-nekretnine/4761/"
299,MCP,,,Beograd,Ulica Zarkovacka 24 11030 - Beograd,,,,,-,-,-,-,-,-,062 8888887,"https://www.indomio.rs/en/agent/mcp/30810,https://www.nekretnine.rs/en/agencije-za-nekretnine/3471/"
150,MEGA PROPERTIES,,,Beograd,Ulica Ustanicka 189A 11050 - Beograd,,,,,-,-,-,-,-,-,"011 6900655,062 1474424",https://www.nekretnine.rs/en/agencije-za-nekretnine/1105/
72,MEGASTAN,,,Beograd,"Ulica Sindjelitsheva 5, Vrachar 11111 5 11080 - Beograd",,,,,-,-,-,-,-,-,011 3622322,"https://www.indomio.rs/en/agent/megastan/29980,https://www.nekretnine.rs/en/agencije-za-nekretnine/1015/"
350,MEGATRANS NEKRETNINE,,,Novi Sad,Ulica Vojvodjanskih brigada 22 21101 - Novi Sad,,,,,-,-,-,-,-,-,"021 557592,063 519533",https://www.nekretnine.rs/en/agencije-za-nekretnine/455/
106,MENADŽER STAN,,,Beograd,"Maršala Birjuzova 3-5, 3 3 11000 - Beograd",,,,,-,-,-,-,-,-,"+381113032332,+381648091133,011 3032332,064 8091133","https://www.indomio.rs/en/agent/menad%C5%BEer-stan/11184,https://www.nekretnine.rs/en/agencije-za-nekretnine/3685/"
163,META REAL ESTATE,,,Beograd,Ulica Beogradskog bataljona 6 11030 - Beograd,,,,,-,-,-,-,-,-,"063 670616,069 654789",https://www.nekretnine.rs/en/agencije-za-nekretnine/339/
191,MIGON,,,Beograd,Ulica Nikole Tesle 16 11080 - Beograd,,,,,-,-,-,-,-,-,065 3002200,"https://www.indomio.rs/en/agent/migon/30914,https://www.nekretnine.rs/en/agencije-za-nekretnine/639/"
152,MILANKOVIĆ NEKRETNINE,,,Beograd,Bulevar Kralja Aleksandra 171 11120 - Beograd,,,,,-,-,-,-,-,-,060 7141415,https://www.nekretnine.rs/en/agencije-za-nekretnine/251/
128,MILENIJUM NEKRETNINE,,,Beograd,"Ulica Otona Zupancica, 20 20 11070 - Beograd",,,,,-,-,-,-,-,-,069 1628757,https://www.nekretnine.rs/en/agencije-za-nekretnine/949/
17,MINJON GRADNJA DOO,,,Inđija,Ulica Novosadska 9 22320 - Inđija,,,,,-,-,-,-,-,-,"066 8010370,0668010370","https://www.indomio.rs/en/agent/minjon-gradnja-doo/31079,https://www.nekretnine.rs/en/agencije-za-nekretnine/3473/"
316,MINT,,,Beograd,Ulica Ljermontova 19 11050 - Beograd,,,,,-,-,-,-,-,-,065 3285500,https://www.nekretnine.rs/en/agencije-za-nekretnine/293/
447,MNEKRETNINE 013,,,Pančevo,"Ulica Vojvode Radomira Putnika, 29,",,,,,-,-,-,-,-,-,+381601600058,https://www.indomio.rs/en/agent/mnekretnine-013/30788
324,MNM INVEST GROUP,,,Beograd,Ulica Susedgradska 49 11090 - Beograd,,,,,-,-,-,-,-,-,069 661061,https://www.nekretnine.rs/en/agencije-za-nekretnine/951/
171,MODUL ART,,,Beograd,"Ulica Njegosheva, 73, Beograd Srbija, 11111 73 11111 - Beograd",,,,,-,-,-,-,-,-,"060 3535252,060 7535252","https://www.indomio.rs/en/agent/modul-art/30972,https://www.nekretnine.rs/en/agencije-za-nekretnine/759/"
66,MOJ KVADRAT,,,Beograd,Beogradska br.71/II 71 11000 - Beograd,,,,,-,-,-,-,-,-,"011 3348871,0113348871,065 3039439,0653039439","https://www.indomio.rs/en/agent/moj-kvadrat/29999,https://www.nekretnine.rs/en/agencije-za-nekretnine/1049/"
134,MONA NEKRETNINE BEOGRAD,,,Beograd,Bul. Nikole Tesle 36 16 11080 - Beograd,,,,,-,-,-,-,-,-,063 8564777,https://www.nekretnine.rs/en/agencije-za-nekretnine/317/
41,MONDO NEKRETNINE,,,Niš,"Ulica Generala Boze Jankovica, 14 14 18105 - Niš",,,,,-,-,-,-,-,-,063 8380554,https://www.nekretnine.rs/en/agencije-za-nekretnine/197/
24,MONTE CASA,,,Čajetina,Ulica Miladina Pecinara 87 31315 - Čajetina,,,,,-,-,-,-,-,-,"064 1917565,064 2318030,0641917565,0642318030","https://www.indomio.rs/en/agent/monte-casa/31039,https://www.nekretnine.rs/en/agencije-za-nekretnine/989/"
317,MVC MIRKOVIĆ INVEST,,,Beograd,Ulica Nikolaja Gogolja 5 11030 - Beograd,,,,,-,-,-,-,-,-,062 269970,https://www.nekretnine.rs/en/agencije-za-nekretnine/343/
80,Magnat,,,Beograd,"Tiršova 5a, 5A - Beograd",,,,,-,-,-,-,-,-,"+381113650111,011 3650111","https://www.indomio.rs/en/agent/magnat/14880,https://www.nekretnine.rs/en/agencije-za-nekretnine/4051/"
162,Milkina kuca,,,Beograd,Strugarska br. 2 2 11030 - Beograd,,,,,-,-,-,-,-,-,"061 7000368,0617000368","https://www.indomio.rs/en/agent/milkina-kuca/10827,https://www.nekretnine.rs/en/agencije-za-nekretnine/3647/"
339,N-NEKRETNINE,,,Novi Sad,"Суботички булевар 46 Нови Сад,  Нови Сад, 21124 44 21124 - Novi Sad",,,,,-,-,-,-,-,-,"065 2727090,066 8292500",https://www.nekretnine.rs/en/agencije-za-nekretnine/229/
73,NEKRETNINE GAVRILOVIĆ DOO,,,Beograd,Ulica Kneza Mihaila 7 11000 - Beograd,,,,,-,-,-,-,-,-,"011 2620255,0112620255,065 3334531,0653334531","https://www.indomio.rs/en/agent/nekretnine-gavrilovi%C4%87-doo/31331,https://www.nekretnine.rs/en/agencije-za-nekretnine/2323/"
85,NEKRETNINE IKAT,,,Beograd,"Улица Раваничка, 19, Београд Србија, 11050 8 11080 - Beograd",,,,,-,-,-,-,-,-,"011 7499979,060 5449002","https://www.indomio.rs/en/agent/nekretnine-ikat/30266,https://www.nekretnine.rs/en/agencije-za-nekretnine/185/"
16,NEKRETNINE MALIĆ,,,Inđija,Ulica Novosadska 2 22320 - Inđija,,,,,-,-,-,-,-,-,"060 0556926,0600556926","https://www.indomio.rs/en/agent/nekretnine-mali%C4%87/31075,https://www.nekretnine.rs/en/agencije-za-nekretnine/3413/"
18,NEKRETNINE MANHATTAN,,,Inđija,Ulica Vojvode Stepe Stepanovica 11 22320 - Inđija,,,,,-,-,-,-,-,-,"+381648244440,064 5484044,064 8244440","https://www.indomio.rs/en/agent/nekretnine-manhattan/29798,https://www.nekretnine.rs/en/agencije-za-nekretnine/4755/"
265,NEKRETNINE NIKOLAJEVIĆ,,,Beograd,Ulica Mihizova 22 11158 - Beograd,,,,,-,-,-,-,-,-,063 348261,https://www.nekretnine.rs/en/agencije-za-nekretnine/1019/
281,NEKRETNINE NIKOLIĆ,,,Beograd,Ulica Mileve Maric Ajnstajn 94 11077 - Beograd,,,,,-,-,-,-,-,-,063 236344,https://www.nekretnine.rs/en/agencije-za-nekretnine/823/
286,NEKRETNINE RANĐELOVIĆ,,,Beograd,Ulica Marka Tajcevica 10A 11050 - Beograd,,,,,-,-,-,-,-,-,066 156157,"https://www.indomio.rs/en/agent/nekretnine-ran%C4%91elovi%C4%87/30592,https://www.nekretnine.rs/en/agencije-za-nekretnine/2845/"
203,NEKRETNINE RIM,,,Beograd,Vojvode putnika 6 11307 - Beograd,,,,,-,-,-,-,-,-,"+38162299079,062 299079,062299079","https://www.indomio.rs/en/agent/nekretnine-rim/30551,https://www.nekretnine.rs/en/agencije-za-nekretnine/269/"
252,NEKRETNINE STAR 011,,,Beograd,Ulica Zdravka Celara 12 11120 - Beograd,,,,,-,-,-,-,-,-,064 6150580,"https://www.indomio.rs/en/agent/nekretnine-star-011/31100,https://www.nekretnine.rs/en/agencije-za-nekretnine/2293/"
236,NEPOKRETNOSTI REAL ESTATE,,,Beograd,Ulica Crnotravska 1 11040 - Beograd,,,,,-,-,-,-,-,-,063 631191,https://www.nekretnine.rs/en/agencije-za-nekretnine/637/
156,NEXT NEKRETNINE,,,Beograd,Ulica Djordja Ognjanovica 16 11030 - Beograd,,,,,-,-,-,-,-,-,062 222772,https://www.nekretnine.rs/en/agencije-za-nekretnine/781/
227,NEŠKOVIĆ-STOJKOV NEKRETNINE,,,Beograd,Ulica Jurija Gagarina 219 11073 - Beograd,,,,,-,-,-,-,-,-,063 277756,https://www.nekretnine.rs/en/agencije-za-nekretnine/789/
332,NIKS Development,,,Beograd,"Bulevar Peka Dapcevica, 21B - Beograd",,,,,-,-,-,-,-,-,065 3211775,https://www.nekretnine.rs/en/agencije-za-nekretnine/4491/
436,NLO NEKRETNINE,,,Novi Sad,"Ulica Kisacka, 5,",,,,,-,-,-,-,-,-,+381637391040,https://www.indomio.rs/en/agent/nlo-nekretnine/29558
309,NLV Estate Obrenovac,,,Beograd,Ulica Vlaska basta 7 11500 - Beograd,,,,,-,-,-,-,-,-,"+38163210851,063 210851","https://www.indomio.rs/en/agent/nlv-estate-obrenovac/31545,https://www.nekretnine.rs/en/agencije-za-nekretnine/4891/"
442,NMP INVEST,,,Smederevo,"Ulica Jovana Cvijica, 22,",,,,,-,-,-,-,-,-,065 202 2533,https://www.indomio.rs/en/agent/nmp-invest/30918
273,NOVA ZGRADA,,,Beograd,Ulica Tadeusa Koscuska 92 11158 - Beograd,,,,,-,-,-,-,-,-,063 1829848,https://www.nekretnine.rs/en/agencije-za-nekretnine/385/
230,NOVI DOM,,,Beograd,Ulica Omladinskih brigada 91 11070 - Beograd,,,,,-,-,-,-,-,-,"+611349971,061 1349971","https://www.indomio.rs/en/agent/novi-dom/30300,https://www.nekretnine.rs/en/agencije-za-nekretnine/1925/"
102,NOVI KVADRATI,,,Beograd,Ulica Zlatiborska 43 11080 - Beograd,,,,,-,-,-,-,-,-,"069 2150150,0692150150","https://www.indomio.rs/en/agent/novi-kvadrati/30952,https://www.nekretnine.rs/en/agencije-za-nekretnine/715/"
338,NS-GROUP NEKRETNINE,,,Novi Sad,Bulevar Oslobodjenja 91 21101 - Novi Sad,,,,,-,-,-,-,-,-,021 6613660,https://www.nekretnine.rs/en/agencije-za-nekretnine/563/
158,NV NEKRETNINE,,,Beograd,Ulica Rajka Mitica 32A 11040 - Beograd,,,,,-,-,-,-,-,-,064 1219821,https://www.nekretnine.rs/en/agencije-za-nekretnine/721/
445,Nekretnine Junona,,,Kraljevo,"Ulica 4. kraljevackog bataljona, 31,",,,,,-,-,-,-,-,-,063 366 405,https://www.indomio.rs/en/agent/nekretnine-junona/30015
342,NekretnineXpert,,,Novi Sad,Ulica Aleksandra Tisme 4 21101 - Novi Sad,,,,,-,-,-,-,-,-,"+381212769256,+38162299500,021 2769256,062 299500","https://www.indomio.rs/en/agent/nekretninexpert/21431,https://www.nekretnine.rs/en/agencije-za-nekretnine/4305/"
277,OAZA PROPERTIES,,,Beograd,Ulica Zemunska 35 11077 - Beograd,,,,,-,-,-,-,-,-,065 8725747,https://www.nekretnine.rs/en/agencije-za-nekretnine/393/
258,OBLAK LUX DOO,,,Beograd,Ulica Borska 45 11090 - Beograd,,,,,-,-,-,-,-,-,"064 2371313,064 8594625",https://www.nekretnine.rs/en/agencije-za-nekretnine/2503/
54,OLYMP,,,Niš,Vizantijski bulevar 86 18108 - Niš,,,,,-,-,-,-,-,-,"+18277181,018 277181,063 7048735,0637048735","https://www.indomio.rs/en/agent/olymp/30938,https://www.nekretnine.rs/en/agencije-za-nekretnine/683/"
103,OPTIMIST NEKRETNINE,,,Beograd,Bulevar Mihaila Pupina 169 169 11070 - Beograd,,,,,-,-,-,-,-,-,"011 6306344,0116306344,064 2228282,0642228282","https://www.indomio.rs/en/agent/optimist-nekretnine/30204,https://www.nekretnine.rs/en/agencije-za-nekretnine/17/"
306,OZON NEKRETNINE,,,Beograd,Ulica Prvoboraca 30 11090 - Beograd,,,,,-,-,-,-,-,-,069 679869,https://www.nekretnine.rs/en/agencije-za-nekretnine/1933/
233,OZRENKA NEKRETNINE,,,Beograd,Ulica Zarkovacka 56 11030 - Beograd,,,,,-,-,-,-,-,-,"011 3573151,064 1237943",https://www.nekretnine.rs/en/agencije-za-nekretnine/3273/
275,OzNekretnine,,,Beograd,"Dunavski kej 15, 15 - Beograd",,,,,-,-,-,-,-,-,"+381114067796,+38163344844,011 4067796,063 344844","https://www.indomio.rs/en/agent/oznekretnine/13079,https://www.nekretnine.rs/en/agencije-za-nekretnine/3905/"
196,PALASPLUS,,,Beograd,Ulica Draze Pavlovica 21 11120 - Beograd,,,,,-,-,-,-,-,-,"+381603251157,060 3251157,381603251157","https://www.indomio.rs/en/agent/palasplus/31073,https://www.nekretnine.rs/en/agencije-za-nekretnine/3259/"
370,PANONIJA NEKRETNINE,,,Novi Sad,Ulica Radomira Rase Radujkova 18 21101 - Novi Sad,,,,,-,-,-,-,-,-,063 519847,https://www.nekretnine.rs/en/agencije-za-nekretnine/4487/
329,PARITAS NEKRETNINE,,,Beograd,Ulica Jovanke Radakovic 27 11160 - Beograd,,,,,-,-,-,-,-,-,"011 2421695,063 7747637",https://www.nekretnine.rs/en/agencije-za-nekretnine/267/
39,PERMETI NEKRETNINE,,,Niš,Ulica Mije Petrovica 4 18105 - Niš,,,,,-,-,-,-,-,-,060 0654005,https://www.nekretnine.rs/en/agencije-za-nekretnine/993/
224,PLUS-BONUS,,,Beograd,Ulica Palmira Toljatija 5 11070 - Beograd,,,,,-,-,-,-,-,-,"011 2691240,060 7277177",https://www.nekretnine.rs/en/agencije-za-nekretnine/977/
178,PORTA NEKRETNINE,,,Beograd,Tadeuša Košćuška 68 68 11158 - Beograd,,,,,-,-,-,-,-,-,"011 4207904,0114207904,069 737007,069737007","https://www.indomio.rs/en/agent/porta-nekretnine/29981,https://www.nekretnine.rs/en/agencije-za-nekretnine/1013/"
293,POTOCHNY REAL ESTATE,,,Beograd,Ulica Karadjordjeva 41A 11000 - Beograd,,,,,-,-,-,-,-,-,069 3017113,https://www.nekretnine.rs/en/agencije-za-nekretnine/3475/
109,PRELIĆ INVEST,,,Beograd,Ulica Miodraga Petrovica Ckalje 4 11050 - Beograd,,,,,-,-,-,-,-,-,066 266666,https://www.nekretnine.rs/en/agencije-za-nekretnine/1075/
195,PRENITA-HEM,,,Beograd,Ulica Kapetana Radica Petrovica 12 11080 - Beograd,,,,,-,-,-,-,-,-,"060 0535428,060 3522521",https://www.nekretnine.rs/en/agencije-za-nekretnine/2329/
148,PRINCE PLUS MD,,,Beograd,Ulica Krunska 41 11000 - Beograd,,,,,-,-,-,-,-,-,063 279392,https://www.nekretnine.rs/en/agencije-za-nekretnine/999/
35,PROAGENT REAL,,,Niš,"Ulica Vozhda Karadjordja 24, Medijana 18105 24 18105 - Niš",,,,,-,-,-,-,-,-,"018 390220,018390220,066 492100,066492100","https://www.indomio.rs/en/agent/proagent-real/30919,https://www.nekretnine.rs/en/agencije-za-nekretnine/645/"
325,PROCREDIT BANK A.D.,,,Beograd,Bulevar Milutina Milankovica 17 11070 - Beograd,,,,,-,-,-,-,-,-,063 641752,https://www.nekretnine.rs/en/agencije-za-nekretnine/533/
180,PROFITIM,,,Beograd,Bulevar Mihaila Pupina br.9 9 11070 - Beograd,,,,,-,-,-,-,-,-,"+113130450,011 3130450,063 347932,063347932","https://www.indomio.rs/en/agent/profitim/30948,https://www.nekretnine.rs/en/agencije-za-nekretnine/7/"
37,PROPERA NEKRETNINE,,,Niš,Zdravke Vučković 30 18106 - Niš,,,,,-,-,-,-,-,-,062 350190,https://www.nekretnine.rs/en/agencije-za-nekretnine/1067/
297,PROPERTIES 4 YOU,,,Beograd,Knez Mihailova 33 33 11000 - Beograd,,,,,-,-,-,-,-,-,"062 8132032,063 7734350",https://www.nekretnine.rs/en/agencije-za-nekretnine/3425/
93,PROPERTY BROKER,,,Beograd,"Ulica Hercegovacka, 23, Belgrade Serbia, 11000 23 11000 - Beograd",,,,,-,-,-,-,-,-,"+381646593377,064 6593377","https://www.indomio.rs/en/agent/property-broker/30953,https://www.nekretnine.rs/en/agencije-za-nekretnine/717/"
127,PRUDENS NEKRETNINE,,,Beograd,"Ulica Marka Chelebonovitsha, Novi Beograd 11077 1 11077 - Beograd",,,,,-,-,-,-,-,-,011 2270636,https://www.nekretnine.rs/en/agencije-za-nekretnine/1051/
446,Premier nekretnine,,,Pančevo,"Ulica Karađorđeva, 3,",,,,,-,-,-,-,-,-,+381638004430,https://www.indomio.rs/en/agent/premier-nekretnine/28064
243,QUATTRO NEKRETNINE,,,Beograd,Ulica Dravska 1 11130 - Beograd,,,,,-,-,-,-,-,-,"+3810659925088,065 9925088","https://www.indomio.rs/en/agent/quattro-nekretnine/31108,https://www.nekretnine.rs/en/agencije-za-nekretnine/3423/"
26,RADANOVIĆ NEKRETNINE,,,Šabac,"Ulica Dr Teodora Bozina Sabac, 15000 1 15000 - Šabac",,,,,-,-,-,-,-,-,063 532888,"https://www.indomio.rs/en/agent/radanovi%C4%87-nekretnine/30969,https://www.nekretnine.rs/en/agencije-za-nekretnine/753/"
149,RADOŠEVIĆ NEKRETNINE,,,Beograd,Požeška 130 130 11030 - Beograd,,,,,-,-,-,-,-,-,"011 2542596,0112542596,063 623596,063623596","https://www.indomio.rs/en/agent/rado%C5%A1evi%C4%87-nekretnine/30226,https://www.nekretnine.rs/en/agencije-za-nekretnine/175/"
165,RADOŠEVIĆ NEKRETNINE CENTAR,,,Beograd,Bulevar oslobodjenja br. 53 53 11118 - Beograd,,,,,-,-,-,-,-,-,063 623484,"https://www.indomio.rs/en/agent/rado%C5%A1evi%C4%87-nekretnine-centar/30928,https://www.nekretnine.rs/en/agencije-za-nekretnine/663/"
146,RAMONDA PROPERTIES,,,Beograd,Bulevar Mihajla Pupina 10I 11070 - Beograd,,,,,-,-,-,-,-,-,069 3333369,https://www.nekretnine.rs/en/agencije-za-nekretnine/1011/
247,REAL ESTATE HUB,,,Beograd,Ulica Jurija Gagarina 151 11073 - Beograd,,,,,-,-,-,-,-,-,065 2585922,"https://www.indomio.rs/en/agent/real-estate-hub/30537,https://www.nekretnine.rs/en/agencije-za-nekretnine/2641/"
278,REAL ESTATE SOLUTIONS,,,Beograd,Ulica Djordja Stanojevica 12 11070 - Beograd,,,,,-,-,-,-,-,-,"065 3215980,0653215980","https://www.indomio.rs/en/agent/real-estate-solutions/31019,https://www.nekretnine.rs/en/agencije-za-nekretnine/865/"
361,REGIS 0208 NEKRETNINE,,,Novi Sad,"Bulevar Oslobodjenja, 78 - Novi Sad",,,,,-,-,-,-,-,-,"+381694416635,069 4416635","https://www.indomio.rs/en/agent/regis-0208-nekretnine/29810,https://www.nekretnine.rs/en/agencije-za-nekretnine/4767/"
190,RELIFE NEKRETNINE,,,Beograd,"Ulica Brankova, 16 16 11000 - Beograd",,,,,-,-,-,-,-,-,063 8993266,https://www.nekretnine.rs/en/agencije-za-nekretnine/749/
143,REMINGTON REALTY,,,Beograd,Ulica Vukasoviceva 21 11090 - Beograd,,,,,-,-,-,-,-,-,"064 1653351,0641653351,065 8778202,0658778202","https://www.indomio.rs/en/agent/remington-realty/30984,https://www.nekretnine.rs/en/agencije-za-nekretnine/785/"
290,RENE 011,,,Beograd,"Ulica Laze Jovanovitsha Porcija, 41, Beograd Srbija, 11080 41 11080 - Beograd",,,,,-,-,-,-,-,-,063 7706025,https://www.nekretnine.rs/en/agencije-za-nekretnine/1855/
285,RENTANOVA,,,Beograd,Ulica Ljube Jovanovica 1 11040 - Beograd,,,,,-,-,-,-,-,-,065 9518888,https://www.nekretnine.rs/en/agencije-za-nekretnine/2581/
49,RESPEKT NEKRETNINE,,,Niš,Ulica Ucitelj-Tasina 3 18105 - Niš,,,,,-,-,-,-,-,-,"063 7079974,0637079974","https://www.indomio.rs/en/agent/respekt-nekretnine/30623,https://www.nekretnine.rs/en/agencije-za-nekretnine/297/"
174,ROMA COMPANY,,,Beograd,Ulica Federika Felinija 2 11271 - Beograd,,,,,-,-,-,-,-,-,"+381602224013,+381602224016,060 2224013,060 2224016","https://www.indomio.rs/en/agent/roma-company/30801,https://www.nekretnine.rs/en/agencije-za-nekretnine/3455/"
15,RU STATUS NEKRETNINE,,,Ruma,Ulica Glavna 277A 22400 - Ruma,,,,,-,-,-,-,-,-,"063 8231202,0638231202","https://www.indomio.rs/en/agent/ru-status-nekretnine/30995,https://www.nekretnine.rs/en/agencije-za-nekretnine/809/"
428,Real estate Agency Heroldo,,,Jagodina,"Ulica Kneginje Milice 74 Jagodina, 35000, 74,",,,,,-,-,-,-,-,-,"+381358222441,+381658222441",https://www.indomio.rs/en/agent/real-estate-agency-heroldo/11113
340,Real estate agency Gold nekretnine Novi Sad,,,Novi Sad,Maksima Gorkog br.2 2 21101 - Novi Sad,,,,,-,-,-,-,-,-,"+381213025125,+381668442244,021 3025125,066 8442244","https://www.indomio.rs/en/agent/real-estate-agency-gold-nekretnine-novi-sad/14272,https://www.nekretnine.rs/en/agencije-za-nekretnine/3179/"
198,SAN LUNI,,,Beograd,Ulica Jurija Gagarina 14 11070 - Beograd,,,,,-,-,-,-,-,-,"065 2535297,065 2535299",https://www.nekretnine.rs/en/agencije-za-nekretnine/1471/
238,SAVA LUX PROPERTY,,,Beograd,Bulevar vojvode Mišića 67 11000 - Beograd,,,,,-,-,-,-,-,-,"063 7857519,0637857519","https://www.indomio.rs/en/agent/sava-lux-property/30047,https://www.nekretnine.rs/en/agencije-za-nekretnine/1129/"
221,SAVA NEKRETNINE,,,Beograd,Ulica Admirala Geprata 11B 11000 - Beograd,,,,,-,-,-,-,-,-,063 1236167,https://www.nekretnine.rs/en/agencije-za-nekretnine/4857/
326,SAX BUILDING,,,Beograd,Ulica Darinke Jevric 32g 11060 - Beograd,,,,,-,-,-,-,-,-,"064 3332117,0643332117","https://www.indomio.rs/en/agent/sax-building/31004,https://www.nekretnine.rs/en/agencije-za-nekretnine/829/"
304,SBRE,,,Beograd,Ulica Vojvode Savatija 12 11120 - Beograd,,,,,-,-,-,-,-,-,060 4466909,https://www.nekretnine.rs/en/agencije-za-nekretnine/373/
313,SCP,,,Beograd,Ulica 27. marta 39 11120 - Beograd,,,,,-,-,-,-,-,-,"011 3343334,0113343334,060 1668139,0601668139","https://www.indomio.rs/en/agent/scp/30233,https://www.nekretnine.rs/en/agencije-za-nekretnine/1763/"
142,SIMONOVIĆ NEKRETNINE,,,Beograd,Novopazarska 18 18 11050 - Beograd,,,,,-,-,-,-,-,-,"011 3443236,064 1154999",https://www.nekretnine.rs/en/agencije-za-nekretnine/263/
253,SINGIDUN,,,Beograd,Molerova 75 11000 - Beograd,,,,,-,-,-,-,-,-,"011 3442354,063 365447",https://www.nekretnine.rs/en/agencije-za-nekretnine/3269/
234,SISTEM TIM,,,Beograd,Ulica Svetogorska 7 11103 - Beograd,,,,,-,-,-,-,-,-,"065 2027055,065 3216789","https://www.indomio.rs/en/agent/sistem-tim/29974,https://www.nekretnine.rs/en/agencije-za-nekretnine/3477/"
314,SKALINA,,,Beograd,Ulica Klare Cetkin 3 11080 - Beograd,,,,,-,-,-,-,-,-,069 1681712,"https://www.indomio.rs/en/agent/skalina/30746,https://www.nekretnine.rs/en/agencije-za-nekretnine/3305/"
108,SKY 88 REALESTATE,,,Beograd,Ulica Vukice Mitrovic 9 11118 - Beograd,,,,,-,-,-,-,-,-,"011 4038666,063 574492",https://www.nekretnine.rs/en/agencije-za-nekretnine/1711/
357,SLAVIJACOOP,,,Novi Sad,Ulica Lasla Gala 23 21102 - Novi Sad,,,,,-,-,-,-,-,-,"021 4899999,064 8212111",https://www.nekretnine.rs/en/agencije-za-nekretnine/193/
140,SM NEKRETNINE,,,Beograd,Trgovacka 7/9 7 11030 - Beograd,,,,,-,-,-,-,-,-,"011 2321549,064 5947237",https://www.nekretnine.rs/en/agencije-za-nekretnine/453/
355,SNEŽANA TRIO NEKRETNINE,,,Novi Sad,Bulevar Oslobodjenja 117 21101 - Novi Sad,,,,,-,-,-,-,-,-,"+381646685341,064 6685341","https://www.indomio.rs/en/agent/sne%C5%BEana-trio-nekretnine/30797,https://www.nekretnine.rs/en/agencije-za-nekretnine/3441/"
99,SONATA PROPERTIES,,,Beograd,Ulica Sumatovacka 32 11118 - Beograd,,,,,-,-,-,-,-,-,"065 3393988,0653393988,069 691996,069691996","https://www.indomio.rs/en/agent/sonata-properties/31008,https://www.nekretnine.rs/en/agencije-za-nekretnine/837/"
12,SONYA NEKRETNINE,,,Ruma,Ulica Veljka Dugosevica 94 22400 - Ruma,,,,,-,-,-,-,-,-,063 8639685,https://www.nekretnine.rs/en/agencije-za-nekretnine/1213/
433,SPV KOPROJEKAT,,,Beograd,"Ulica Porodice Trajkovic, 1,",,,,,-,-,-,-,-,-,0642701111,https://www.indomio.rs/en/agent/spv-koprojekat/30991
84,SQUARE BG NEKRETNINE,,,Beograd,"Булевар Михајла Пупина 10 Нови Београд,  Београд, 11070 10 11070 - Beograd",,,,,-,-,-,-,-,-,061 2194332,"https://www.indomio.rs/en/agent/square-bg-nekretnine/30589,https://www.nekretnine.rs/en/agencije-za-nekretnine/283/"
260,SRDIĆ MARKOVIĆ,,,Beograd,Ulica Kralja Milutina 69 11000 - Beograd,,,,,-,-,-,-,-,-,060 4858777,https://www.nekretnine.rs/en/agencije-za-nekretnine/1935/
38,STAN NA KVADRAT NIŠ,,,Niš,Ulica Cara Dusana 45 18105 - Niš,,,,,-,-,-,-,-,-,"+3810653081914,063 1093600,0631093600,065 3081914","https://www.indomio.rs/en/agent/stan-na-kvadrat-ni%C5%A1/21281,https://www.nekretnine.rs/en/agencije-za-nekretnine/4303/"
213,STANODAVAC GROCKA,,,Beograd,Ulica Hajduk-Veljka 1 11306 - Beograd,,,,,-,-,-,-,-,-,"063 300177,064 0372207",https://www.nekretnine.rs/en/agencije-za-nekretnine/259/
441,STAR MASTER,,,Kula,"Ulica Marsala Tita, 220,",,,,,-,-,-,-,-,-,,https://www.indomio.rs/en/agent/star-master/31009
336,STEFANOV NEKRETNINE,,,Zrenjanin,"Ulica Nusiceva, 25 25 23101 - Zrenjanin",,,,,-,-,-,-,-,-,"060 0884552,0600884552,063 433699,063433699","https://www.indomio.rs/en/agent/stefanov-nekretnine/30888,https://www.nekretnine.rs/en/agencije-za-nekretnine/581/"
95,STUB NEKRETNINE,,,Beograd,Ulica Pozeska 79 11030 - Beograd,,,,,-,-,-,-,-,-,"011 7349595,066 8091211",https://www.nekretnine.rs/en/agencije-za-nekretnine/1007/
337,STUDIO SOKOLOV,,,Zrenjanin,Ulica Nikole Pasica 39 23101 - Zrenjanin,,,,,-,-,-,-,-,-,069 7226772,https://www.nekretnine.rs/en/agencije-za-nekretnine/3417/
262,SUNCE PLUS,,,Beograd,Ulica Mike Petrovica Alasa 13 11158 - Beograd,,,,,-,-,-,-,-,-,060 3343141,https://www.nekretnine.rs/en/agencije-za-nekretnine/2643/
201,SUPER STAN,,,Beograd,Ulica Spanskih boraca 24 11070 - Beograd,,,,,-,-,-,-,-,-,063 413113,https://www.nekretnine.rs/en/agencije-za-nekretnine/2595/
176,Sandra Milenković PR Capitalrent nekretnine,,,Beograd,Koste Glavinića 2 2 11040 - Beograd,,,,,-,-,-,-,-,-,064 6860779,https://www.nekretnine.rs/en/agencije-za-nekretnine/1353/
75,Standard,,,Beograd,Beograd 11000 1 - Beograd,,,,,-,-,-,-,-,-,"+381654179819,065 4179819","https://www.indomio.rs/en/agent/standard/15482,https://www.nekretnine.rs/en/agencije-za-nekretnine/4091/"
2,TAKOVO,,,Požarevac,"svetosavska 26, 26 26 12000 - Požarevac",,,,,-,-,-,-,-,-,"+1 2510515,065 6449767",https://www.nekretnine.rs/en/agencije-za-nekretnine/3757/
44,TANDEM NEKRETNINE,,,Niš,Ulica Obrenoviceva 1 18105 - Niš,,,,,-,-,-,-,-,-,"060 3233463,064 2662761","https://www.indomio.rs/en/agent/tandem-nekretnine/30875,https://www.nekretnine.rs/en/agencije-za-nekretnine/537/"
249,TENA PLUS,,,Beograd,Ulica Palmira Toljatija 5 11070 - Beograd,,,,,-,-,-,-,-,-,"063 7717833,065 2512130",https://www.nekretnine.rs/en/agencije-za-nekretnine/2541/
90,TEOFIL NEKRETNINE,,,Beograd,Bulevar umetnosti 19 19 11070 - Beograd,,,,,-,-,-,-,-,-,011 3122582,https://www.nekretnine.rs/en/agencije-za-nekretnine/3289/
246,TEŠIĆ KA,,,Beograd,Ulica Pariske komune 59 11070 - Beograd,,,,,-,-,-,-,-,-,065 6296345,https://www.nekretnine.rs/en/agencije-za-nekretnine/779/
157,TIJANA VUKAN PROPERTY,,,Beograd,Ulica Vojvode Milenka Stojkovica 10 11000 - Beograd,,,,,-,-,-,-,-,-,064 5000644,"https://www.indomio.rs/en/agent/tijana-vukan-property/30869,https://www.nekretnine.rs/en/agencije-za-nekretnine/5/"
296,TIMI HOLDINGS LIMITED,,,Beograd,Ulica Balkanska 2 11000 - Beograd,,,,,-,-,-,-,-,-,"011 205515,066 205516",https://www.nekretnine.rs/en/agencije-za-nekretnine/819/
184,TITAN 011,,,Beograd,Kumodraška 176 54 11222 - Beograd,,,,,-,-,-,-,-,-,064 1287652,https://www.nekretnine.rs/en/agencije-za-nekretnine/327/
271,TOP REAL ESTATE,,,Beograd,Ulica Pozeska 79 11030 - Beograd,,,,,-,-,-,-,-,-,061 6957898,https://www.nekretnine.rs/en/agencije-za-nekretnine/1927/
25,TP PALISAD,,,Čajetina,Ulica Radnicka bb 31106 - Čajetina,,,,,-,-,-,-,-,-,065 3223320,https://www.nekretnine.rs/en/agencije-za-nekretnine/247/
173,TREZOR NEKRETNINE,,,Beograd,Ulica Miljakovacke staze 59 11090 - Beograd,,,,,-,-,-,-,-,-,"063 1325728,0631325728,064 1177260,0641177260","https://www.indomio.rs/en/agent/trezor-nekretnine/30874,https://www.nekretnine.rs/en/agencije-za-nekretnine/535/"
362,TRIANON 021,,,Novi Sad,Bulevar Cara Lazara 47 21102 - Novi Sad,,,,,-,-,-,-,-,-,064 3119785,https://www.nekretnine.rs/en/agencije-za-nekretnine/1147/
240,TRIONEKRETNINE,,,Beograd,Ulica Jurija Gagarina 229 11073 - Beograd,,,,,-,-,-,-,-,-,"011 4230505,063 7367900",https://www.nekretnine.rs/en/agencije-za-nekretnine/601/
59,TRIPLE CROWN DOO,,,Niš,Ulica Aleksandra Medvedeva 2 18106 - Niš,,,,,-,-,-,-,-,-,"060 6290685,060 691312666",https://www.nekretnine.rs/en/agencije-za-nekretnine/4871/
284,UNITED CITY GROUP,,,Beograd,Ulica Admirala Geprata 15 11000 - Beograd,,,,,-,-,-,-,-,-,"+381114030746,011 4030746,064 1139202,0641139202","https://www.indomio.rs/en/agent/united-city-group/30043,https://www.nekretnine.rs/en/agencije-za-nekretnine/1123/"
255,URBAN NEST REAL ESTATE,,,Beograd,Ulica Sime Igumanova 2 11118 - Beograd,,,,,-,-,-,-,-,-,064 2471976,https://www.nekretnine.rs/en/agencije-za-nekretnine/1187/
231,URBANIA,,,Beograd,Ulica Dusana Milosevica 6 11060 - Beograd,,,,,-,-,-,-,-,-,065 5330000,https://www.nekretnine.rs/en/agencije-za-nekretnine/855/
263,URBANOVA REALTY,,,Beograd,Ulica Visegradska 12 11000 - Beograd,,,,,-,-,-,-,-,-,066 296998,https://www.nekretnine.rs/en/agencije-za-nekretnine/3463/
164,VAŠ EVEREST,,,Beograd,"Улица Стојана Аралице, 30, Београд Србија, 11077 30 11077 - Beograd",,,,,-,-,-,-,-,-,"061 1029038,063 267173",https://www.nekretnine.rs/en/agencije-za-nekretnine/733/
202,VAŠ NOVI PROSTOR,,,Beograd,Carigradska 21 21 11108 - Beograd,,,,,-,-,-,-,-,-,"011 3340351,060 3556610",https://www.nekretnine.rs/en/agencije-za-nekretnine/981/
175,VESTA NEKRETNINE,,,Beograd,Ulica Kneza Danila 12 11120 - Beograd,,,,,-,-,-,-,-,-,"011 2188756,063 8726083",https://www.nekretnine.rs/en/agencije-za-nekretnine/353/
216,VIDIKOVAC VISTA,,,Beograd,Ulica Kneza Viseslava 63 11090 - Beograd,,,,,-,-,-,-,-,-,"062 555378,063 555377",https://www.nekretnine.rs/en/agencije-za-nekretnine/821/
254,VILOTIĆ GROUP,,,Beograd,Ulica Vojvode Zivojina Misica 133 11500 - Beograd,,,,,-,-,-,-,-,-,063 250122,"https://www.indomio.rs/en/agent/viloti%C4%87-group/30932,https://www.nekretnine.rs/en/agencije-za-nekretnine/671/"
343,VINSON NEKRETNINE,,,Novi Sad,Ulica Zeleznicka 48 21101 - Novi Sad,,,,,-,-,-,-,-,-,"021 6611475,0216611475,064 8614567,0648614567","https://www.indomio.rs/en/agent/vinson-nekretnine/30143,https://www.nekretnine.rs/en/agencije-za-nekretnine/1545/"
151,VIP NEKRETNINE,,,Beograd,"Ulica Nikolaja Gogolja, 8 8 11030 - Beograd",,,,,-,-,-,-,-,-,064 6165183,https://www.nekretnine.rs/en/agencije-za-nekretnine/677/
214,VIVO NEKRETNINE,,,Beograd,"Dimitrija Tucovića 39/5, Beograd 39 11120 - Beograd",,,,,-,-,-,-,-,-,"011 2454014,066 9507497",https://www.nekretnine.rs/en/agencije-za-nekretnine/605/
144,VODIČ NEKRETNINE,,,Beograd,Trg Dr Zorana Djindjica 10 11500 - Beograd,,,,,-,-,-,-,-,-,"064 1236005,064 3608718",https://www.nekretnine.rs/en/agencije-za-nekretnine/1025/
89,VREMEPLOV,,,Beograd,"Ulica Ivana Milutinovica, 81B - Beograd",,,,,-,-,-,-,-,-,"+112718247,011 2718247","https://www.indomio.rs/en/agent/vremeplov/30898,https://www.nekretnine.rs/en/agencije-za-nekretnine/607/"
431,WINNER TEAM NEKRETNINE,,,Ćuprija,"Улица Кнеза Милоша, 12, Ћуприја Србија, 35230, 12,",,,,,-,-,-,-,-,-,"0616001070,0616001212",https://www.indomio.rs/en/agent/winner-team-nekretnine/30959
368,WOBY HAUS,,,Novi Sad,Rumenacki put 1 21101 - Novi Sad,,,,,-,-,-,-,-,-,"062 501683,062501683","https://www.indomio.rs/en/agent/woby-haus/30011,https://www.nekretnine.rs/en/agencije-za-nekretnine/1069/"
187,X GROUP,,,Beograd,Ulica Vojvode Stepe 343 11010 - Beograd,,,,,-,-,-,-,-,-,065 2468211,https://www.nekretnine.rs/en/agencije-za-nekretnine/391/
333,YUGOPROJECT CONSULTING BEOGRAD,,,Beograd,"Ulica Brankova, 16 - Beograd",,,,,-,-,-,-,-,-,065 2128641,https://www.nekretnine.rs/en/agencije-za-nekretnine/4809/
3,YUMILAND,,,Požarevac,"TC Reč naroda, Takovska 5A, 2. sprat, 5A 12000 - Požarevac",,,,,-,-,-,-,-,-,"+38112532522,+381692532522,012 532522,069 2532522","https://www.indomio.rs/en/agent/yumiland/15186,https://www.nekretnine.rs/en/agencije-za-nekretnine/4079/"
76,ZIDART,,,Beograd,Džona Kenedija 18 18 11080 - Beograd,,,,,-,-,-,-,-,-,060 3193927,https://www.nekretnine.rs/en/agencije-za-nekretnine/155/
55,ZNAMEN KAPITAL,,,Niš,"Ulica Generala Boze Jankovica, 11 11 18105 - Niš",,,,,-,-,-,-,-,-,065 9291700,https://www.nekretnine.rs/en/agencije-za-nekretnine/253/
310,arcoSITE d.o.o.,,,Beograd,Ulica Dvadesetsedmog Marta 35 11120 - Beograd,,,,,-,-,-,-,-,-,064 0600400,https://www.nekretnine.rs/en/agencije-za-nekretnine/4911/
308,ĆIRIĆ HOME INVEST,,,Beograd,Ulica Draginje Gavrilovic 27 11010 - Beograd,,,,,-,-,-,-,-,-,063 383393,"https://www.indomio.rs/en/agent/%C4%87iri%C4%87-home-invest/31074,https://www.nekretnine.rs/en/agencije-za-nekretnine/3211/"
432,ĐORĐEVIĆ I SIN,,,Beograd,"Ulica Skerliceva, 10,",,,,,-,-,-,-,-,-,"0641437943,0665505505",https://www.indomio.rs/en/agent/%C4%91or%C4%91evi%C4%87-i-sin/30590
32,ĐUKIĆ,,,Loznica,Ulica Luke Stevica 1 15300 - Loznica,,,,,-,-,-,-,-,-,"063 353404,069 8568270",https://www.nekretnine.rs/en/agencije-za-nekretnine/629/
344,ŠĆEPANOVIĆ I SARADNICI,,,Novi Sad,Bulevar Oslobodjenja 78 21101 - Novi Sad,,,,,-,-,-,-,-,-,"021 2300900,0212300900,063 343200,063343200","https://www.indomio.rs/en/agent/%C5%A1%C4%87epanovi%C4%87-i-saradnici/30469,https://www.nekretnine.rs/en/agencije-za-nekretnine/2469/"
