Acente Adı,Adres,Telefon Numarası,E-posta Adresi,Profil Linki
NS-GROUP NEKRETNINE,Bulevar Oslobodjenja 91 21101 - Novi Sad,021 6613660,N/A,https://www.nekretnine.rs/en/agencije-za-nekretnine/563/
N-NEKRETNINE,"Суботички булевар 46 Нови Сад,  Нови Сад, 21124 44 21124 - Novi Sad","066 8292500, 065 2727090",N/A,https://www.nekretnine.rs/en/agencije-za-nekretnine/229/
Real estate agency Gold nekretnine Novi Sad,Maksima Gorkog br.2 2 21101 - Novi Sad,"021 3025125, 066 8442244",N/A,https://www.nekretnine.rs/en/agencije-za-nekretnine/3179/
KLJUČ 3112 NEKRETNINE,Ulica Maksima Gorkog 2 21101 - Novi Sad,"021 524601, 060 5246010",N/A,https://www.nekretnine.rs/en/agencije-za-nekretnine/1695/
NekretnineXpert,Ulica Aleksandra Tisme 4 21101 - Novi Sad,"021 2769256, 062 299500",N/A,https://www.nekretnine.rs/en/agencije-za-nekretnine/4305/
VINSON NEKRETNINE,Ulica Zeleznicka 48 21101 - Novi Sad,"021 6611475, 064 8614567",N/A,https://www.nekretnine.rs/en/agencije-za-nekretnine/1545/
ŠĆEPANOVIĆ I SARADNICI,Bulevar Oslobodjenja 78 21101 - Novi Sad,"063 343200, 021 2300900",N/A,https://www.nekretnine.rs/en/agencije-za-nekretnine/2469/
FAMILY NEKRETNINE,Ulica Radnicka 2a 21101 - Novi Sad,063 663254,N/A,https://www.nekretnine.rs/en/agencije-za-nekretnine/425/
BOMBYX,"Novi Sad, Svetozara Miletica 51 51 21101 - Novi Sad",063 518546,N/A,https://www.nekretnine.rs/en/agencije-za-nekretnine/641/
ELIT real estate,"Житни трг, 9, Нови Сад Србија, 21101 9 21101 - Novi Sad","062 765500, 062 765100",N/A,https://www.nekretnine.rs/en/agencije-za-nekretnine/4311/
LAV 2020 NEKRETNINE,Augusta Cesarca 18 18 21101 - Novi Sad,"063 7445379, 064 7445379",N/A,https://www.nekretnine.rs/en/agencije-za-nekretnine/1065/
MASTER 021 NEKRETNINE,"Ulica Pasterova, 7 - Novi Sad","064 6432338, 063 536286",N/A,https://www.nekretnine.rs/en/agencije-za-nekretnine/3401/
MEGATRANS NEKRETNINE,Ulica Vojvodjanskih brigada 22 21101 - Novi Sad,"021 557592, 063 519533",N/A,https://www.nekretnine.rs/en/agencije-za-nekretnine/455/
BIARH,Trg Slobode 3 21101 - Novi Sad,063 8834830,N/A,https://www.nekretnine.rs/en/agencije-za-nekretnine/569/
JANA KONSALTING 021,Bulevar Patrijarha Pavla 63 21123 - Novi Sad,065 8859359,N/A,https://www.nekretnine.rs/en/agencije-za-nekretnine/1701/
M2 KVADRAT NEKRETNINE,Bulevar Oslobodjenja 78 21101 - Novi Sad,062 8153377,N/A,https://www.nekretnine.rs/en/agencije-za-nekretnine/543/
IMPERIAL NEKRETNINE NOVI SAD,Bulevar oslobođenja 68 C/1 68 21101 - Novi Sad,063 519584,N/A,https://www.nekretnine.rs/en/agencije-za-nekretnine/1115/
SNEŽANA TRIO NEKRETNINE,Bulevar Oslobodjenja 117 21101 - Novi Sad,064 6685341,N/A,https://www.nekretnine.rs/en/agencije-za-nekretnine/3441/
JORDAN ENERGY - OGRANAK FREEDOM NEKRETNINE,Ulica Rackog 196 21132 - Novi Sad,063 500225,N/A,https://www.nekretnine.rs/en/agencije-za-nekretnine/3309/
SLAVIJACOOP,Ulica Lasla Gala 23 21102 - Novi Sad,"021 4899999, 064 8212111",N/A,https://www.nekretnine.rs/en/agencije-za-nekretnine/193/
CFU INVEST,Ulica Maksima Gorkog 17 21101 - Novi Sad,"021 3100102, 069 3100102",N/A,https://www.nekretnine.rs/en/agencije-za-nekretnine/3411/
DVOR NEKRETNINE AK-87,Ulica Pavla Simica 6 21101 - Novi Sad,"021 3830492, 060 0432580",N/A,https://www.nekretnine.rs/en/agencije-za-nekretnine/769/
AURORA 369,Ulica Ive Lole Ribara 65 22406 - Novi Sad,061 3009959,N/A,https://www.nekretnine.rs/en/agencije-za-nekretnine/437/
REGIS 0208 NEKRETNINE,"Bulevar Oslobodjenja, 78 - Novi Sad",069 4416635,N/A,https://www.nekretnine.rs/en/agencije-za-nekretnine/4767/
TRIANON 021,Bulevar Cara Lazara 47 21102 - Novi Sad,064 3119785,N/A,https://www.nekretnine.rs/en/agencije-za-nekretnine/1147/
DAMA GRADNJA,Futoski put 40B 21101 - Novi Sad,"062 483483, 062 793793",N/A,https://www.nekretnine.rs/en/agencije-za-nekretnine/431/
APEX REAL ESTATE,"Ulica Micurinova, 72 72 21101 - Novi Sad",064 3335757,N/A,https://www.nekretnine.rs/en/agencije-za-nekretnine/4747/
EVROPA NS,Ulica Puskinova 1 21102 - Novi Sad,"021 3011814, 062 707987",N/A,https://www.nekretnine.rs/en/agencije-za-nekretnine/2919/
KUC KUC,Ulica Sutjeska 2 21101 - Novi Sad,062 1538077,N/A,https://www.nekretnine.rs/en/agencije-za-nekretnine/2521/
MAT REAL ESTATE,Bulevar Mihajla Pupina 1 21101 - Novi Sad,"021 526277, 060 1604498",N/A,https://www.nekretnine.rs/en/agencije-za-nekretnine/39/
WOBY HAUS,Rumenacki put 1 21101 - Novi Sad,062 501683,N/A,https://www.nekretnine.rs/en/agencije-za-nekretnine/1069/
MAKSIMA NEKRETNINE,Bulevar Oslobodjenja 70 70 21101 - Novi Sad,063 8086962,N/A,https://www.nekretnine.rs/en/agencije-za-nekretnine/3863/
PANONIJA NEKRETNINE,Ulica Radomira Rase Radujkova 18 21101 - Novi Sad,063 519847,N/A,https://www.nekretnine.rs/en/agencije-za-nekretnine/4487/
MACRO INVEST DOO,Bulevar Cara Lazara 76 21102 - Novi Sad,065 5468228,N/A,https://www.nekretnine.rs/en/agencije-za-nekretnine/4853/
